dept_id,dept_name,room_number,building_number,chair_id,email,phone_number,dept_assistant
COM,Computer Science And Mathematics,AB-2024,AB,9180851,computerscienceandmathematics@ashford.edu,(516) 867-4881,
PHY,Physics,AB-0021,AB,9676943,physics@ashford.edu,(516) 867-4875,
CHE,Chemistry,AB-2016,AB,9516667,chemistry@ashford.edu,(516) 867-4387,
BIO,Biology,AB-2025,AB,9248000,biology@ashford.edu,(516) 867-4545,
ENG,Engineering,AB-2012,AB,9114474,engineering@ashford.edu,(516) 867-4694,
ENGL,English,Lib-1106,Lib,9323360,english@ashford.edu,(516) 867-4902,
HIS,History,Lib-1107,Lib,9028813,history@ashford.edu,(516) 867-4495,
ECO,Economics,AB-2022,AB,9514317,economics@ashford.edu,(516) 867-4284,
PHI,Philosophy,Lib-2108,Lib,9304141,philosophy@ashford.edu,(516) 867-4803,
