faculty_id,dept_id,percent_time,date_of_appointment
9470370,CHE,36,2024-07-15
9470370,BIO,64,2024-07-15
9203655,COM,100,2015-11-10
9458370,PHI,68,2024-01-04
9458370,ENG,32,2024-01-04
9722318,ENG,100,2009-11-27
9676943,PHY,100,1996-02-15
9017390,BIO,100,2011-03-19
9128085,PHY,63,2023-03-16
9128085,COM,37,2023-03-16
9565229,ENG,34,2025-07-23
9565229,PHI,66,2025-07-23
9043893,PHY,74,2023-01-26
9043893,COM,26,2023-01-26
9775698,ENGL,24,2011-08-31
9775698,ENG,76,2011-08-31
9804909,PHI,100,2010-11-27
9306003,CHE,100,2017-08-21
9172039,ENG,68,1994-01-05
9172039,PHI,32,1994-01-05
9386486,PHI,100,2014-07-01
9636940,BIO,100,2010-08-13
9787360,BIO,100,2021-09-26
9439983,ENG,100,2004-03-02
9028813,HIS,100,2007-03-03
9701066,PHI,56,1994-08-28
9701066,ENG,44,1994-08-28
9389899,ECO,100,2024-03-28
9365113,CHE,80,2021-04-04
9365113,BIO,20,2021-04-04
9098087,ECO,100,2002-12-05
9094414,ENGL,32,2022-12-06
9094414,PHI,68,2022-12-06
9150010,CHE,100,2024-11-02
9042247,BIO,100,2003-06-23
9213046,PHI,55,2017-12-15
9213046,ENG,45,2017-12-15
9773617,PHI,21,2022-08-06
9773617,ENG,57,2022-08-06
9773617,ENGL,22,2022-08-06
9632867,PHI,100,2016-04-29
9357630,CHE,44,2024-10-10
9357630,BIO,56,2024-10-10
9871775,PHY,46,2024-06-05
9871775,COM,54,2024-06-05
9523235,ENG,37,2013-08-30
9523235,PHI,63,2013-08-30
9322475,COM,100,1999-02-05
9839012,ENG,100,2016-12-25
9601542,PHI,63,2019-07-04
9601542,ENG,37,2019-07-04
9950101,ENG,31,2022-03-22
9950101,PHI,69,2022-03-22
9498765,BIO,72,2025-02-10
9498765,CHE,28,2025-02-10
9101449,COM,25,2022-02-12
9101449,PHY,75,2022-02-12
9905800,CHE,100,2021-10-14
9182169,ECO,100,2010-10-14
9514317,ECO,100,1993-03-17
9056038,PHY,100,2024-08-23
9352887,ENG,100,1998-08-27
9079161,CHE,43,2019-09-15
9079161,BIO,57,2019-09-15
9685753,COM,21,2022-09-22
9685753,PHY,79,2022-09-22
9786618,CHE,100,2004-12-05
9624481,ENG,100,2018-01-05
9284529,PHI,26,2021-12-18
9284529,ENG,74,2021-12-18
9694651,ECO,100,2023-09-14
9650822,ECO,100,2003-01-26
9819713,ENG,23,2018-02-05
9819713,PHI,77,2018-02-05
9323360,ENG,100,1983-11-10
9483841,BIO,100,2025-09-26
9244100,ECO,100,2020-12-29
9045133,PHY,64,2025-07-05
9045133,COM,36,2025-07-05
9101003,ECO,100,2021-08-28
9593419,ENGL,51,2009-11-05
9593419,ENG,49,2009-11-05
9708695,PHI,78,2015-02-19
9708695,ENGL,22,2015-02-19
9601635,ENGL,100,2015-01-17
9607194,PHI,100,2022-01-01
9073819,ENG,23,2025-09-12
9073819,ENGL,22,2025-09-12
9073819,PHI,55,2025-09-12
9604397,PHI,24,2018-08-27
9604397,ENG,76,2018-08-27
9597815,PHI,39,2023-05-14
9597815,ENG,38,2023-05-14
9597815,ENGL,23,2023-05-14
9674930,COM,58,2007-10-12
9674930,PHY,42,2007-10-12
9281995,PHY,33,1993-02-13
9281995,COM,67,1993-02-13
9778340,COM,56,2009-03-20
9778340,PHY,44,2009-03-20
9891716,ENGL,79,2025-05-25
9891716,ENG,21,2025-05-25
9200041,PHY,39,2024-02-07
9200041,COM,61,2024-02-07
9388857,BIO,100,2025-09-27
9298844,ECO,100,2010-09-18
9397807,ENGL,53,2016-03-29
9397807,PHI,47,2016-03-29
9261779,ECO,100,1998-03-05
9328534,PHY,27,1985-09-16
9328534,COM,73,1985-09-16
9573343,ENG,38,2017-02-21
9573343,PHI,62,2017-02-21
9823723,ENGL,21,1998-10-18
9823723,PHI,79,1998-10-18
9041633,CHE,52,2022-05-25
9041633,BIO,48,2022-05-25
9605249,CHE,43,2018-02-16
9605249,BIO,57,2018-02-16
9109693,COM,100,2025-08-16
9604806,CHE,76,2000-07-17
9604806,BIO,24,2000-07-17
9102102,ECO,100,2022-09-22
9108893,CHE,100,2019-03-04
9137434,PHY,68,2005-09-05
9137434,COM,32,2005-09-05
9642004,ECO,100,2005-05-03
9571267,ECO,100,2011-06-18
9298108,PHI,100,2015-01-16
9730942,ENGL,100,1999-05-16
9964668,ENG,100,2003-09-16
9778180,BIO,100,2021-06-14
9359670,ENGL,56,2024-11-21
9359670,ENG,24,2024-11-21
9359670,PHI,20,2024-11-21
9981939,ECO,100,2002-08-12
9426997,PHY,100,2019-09-25
9055774,ENG,100,2022-06-13
9019272,COM,100,2023-07-07
9089886,ENG,35,2019-06-01
9089886,PHI,65,2019-06-01
9331428,PHY,100,2022-11-02
9752445,ECO,100,2004-12-15
9713071,PHY,58,1992-07-04
9713071,COM,42,1992-07-04
9629705,ENG,100,2018-01-18
9510835,PHI,40,2011-10-22
9510835,ENG,60,2011-10-22
9968611,ENGL,100,2020-01-07
9279794,BIO,63,2022-02-02
9279794,CHE,37,2022-02-02
9562418,PHY,100,2015-04-11
9706260,ECO,100,1999-08-31
9984558,BIO,100,2019-08-06
9516667,CHE,100,1995-08-11
9304141,PHI,100,1994-02-06
9114474,ENG,100,1982-06-21
9781227,BIO,43,1994-12-01
9781227,CHE,57,1994-12-01
9227814,PHY,100,2018-08-05
9161726,BIO,71,1993-05-20
9161726,CHE,29,1993-05-20
9248000,BIO,100,1987-08-15
9347139,COM,25,2023-02-14
9347139,PHY,75,2023-02-14
9246151,PHI,31,1997-10-09
9246151,ENG,69,1997-10-09
9527856,ENGL,53,2007-12-31
9527856,ENG,20,2007-12-31
9527856,PHI,27,2007-12-31
9420451,CHE,100,1997-02-12
9336771,ENG,54,2025-09-15
9336771,ENGL,46,2025-09-15
9320082,ENG,100,2009-02-23
9511981,ENGL,100,2011-07-23
9639831,ENGL,38,2014-12-19
9639831,ENG,62,2014-12-19
9159213,ENG,100,2009-03-07
9630466,CHE,39,2019-12-12
9630466,BIO,61,2019-12-12
9062362,PHY,100,2014-09-21
9394665,PHI,100,2021-06-09
9726373,PHY,77,2025-08-10
9726373,COM,23,2025-08-10
9100866,PHY,100,2000-03-17
9317773,PHI,55,2024-08-30
9317773,ENGL,45,2024-08-30
9469674,PHY,43,1991-05-28
9469674,COM,57,1991-05-28
9515654,PHI,29,2025-08-28
9515654,ENG,71,2025-08-28
9180851,COM,100,1985-08-27
9253781,ENG,40,2021-03-09
9253781,ENGL,36,2021-03-09
9253781,PHI,24,2021-03-09
9116333,ENG,66,2014-06-10
9116333,PHI,34,2014-06-10
