faculty_id,office_number,rank,faculty_type
9470370,AB-2002,Adjunct,Parttime
9203655,AB-2002,Adjunct,Fulltime
9458370,AB-2002,Tenured,Fulltime
9722318,AB-2002,Adjunct,Parttime
9676943,AB-2006,Tenured,Fulltime
9017390,AB-2006,Non-Tenured,Parttime
9128085,AB-2006,Adjunct,Parttime
9565229,AB-2006,Non-Tenured,Parttime
9043893,AB-2009,Tenured,Fulltime
9775698,AB-2009,Adjunct,Parttime
9804909,AB-2009,Non-Tenured,Fulltime
9306003,AB-2009,Adjunct,Parttime
9172039,AB-3007,Tenured,Fulltime
9386486,AB-3007,Tenured,Fulltime
9636940,AB-3007,Adjunct,Parttime
9787360,AB-3007,Non-Tenured,Fulltime
9439983,AB-2020,Tenured,Fulltime
9028813,AB-2020,Tenured,Fulltime
9701066,AB-2020,Tenured,Fulltime
9389899,AB-2020,Tenured,Fulltime
9365113,Admin-2002,Adjunct,Parttime
9098087,Admin-2002,Tenured,Fulltime
9094414,Admin-2002,Adjunct,Parttime
9150010,Admin-2002,Non-Tenured,Parttime
9042247,AB-2025,Non-Tenured,Fulltime
9213046,AB-2025,Tenured,Fulltime
9773617,AB-2025,Adjunct,Fulltime
9632867,AB-2025,Adjunct,Fulltime
9357630,AB-3022,Tenured,Fulltime
9871775,AB-3022,Non-Tenured,Parttime
9523235,AB-3022,Tenured,Fulltime
9322475,AB-3022,Adjunct,Fulltime
9839012,AB-2021,Adjunct,Parttime
9601542,AB-2021,Tenured,Fulltime
9950101,AB-2021,Adjunct,Parttime
9498765,AB-2021,Tenured,Fulltime
9101449,AB-3024,Adjunct,Fulltime
9905800,AB-3024,Adjunct,Parttime
9182169,AB-3024,Non-Tenured,Fulltime
9514317,AB-3024,Tenured,Fulltime
9056038,SSC-201,Adjunct,Parttime
9352887,SSC-201,Tenured,Fulltime
9079161,SSC-201,Non-Tenured,Fulltime
9685753,SSC-201,Non-Tenured,Fulltime
9786618,AB-3011,Tenured,Fulltime
9624481,AB-3011,Non-Tenured,Parttime
9284529,AB-3011,Non-Tenured,Fulltime
9694651,AB-3011,Adjunct,Fulltime
9650822,Lib-2108,Tenured,Fulltime
9819713,Lib-2108,Tenured,Fulltime
9323360,Lib-2108,Tenured,Fulltime
9483841,Lib-2108,Adjunct,Fulltime
9244100,AB-3004,Tenured,Fulltime
9045133,AB-3004,Non-Tenured,Fulltime
9101003,AB-3004,Tenured,Fulltime
9593419,AB-3004,Adjunct,Fulltime
9708695,AB-3041,Tenured,Fulltime
9601635,AB-3041,Non-Tenured,Fulltime
9607194,AB-3041,Non-Tenured,Parttime
9073819,AB-3041,Non-Tenured,Fulltime
9604397,AB-3040,Non-Tenured,Fulltime
9597815,AB-3040,Adjunct,Fulltime
9674930,AB-3040,Non-Tenured,Parttime
9281995,AB-3040,Adjunct,Parttime
9778340,AB-3003,Tenured,Fulltime
9891716,AB-3003,Non-Tenured,Parttime
9200041,AB-3003,Non-Tenured,Fulltime
9388857,AB-3003,Adjunct,Fulltime
9298844,AB-2016,Tenured,Fulltime
9397807,AB-2016,Non-Tenured,Fulltime
9261779,AB-2016,Tenured,Fulltime
9328534,AB-2016,Tenured,Fulltime
9573343,AB-2013,Tenured,Fulltime
9823723,AB-2013,Adjunct,Parttime
9041633,AB-2013,Adjunct,Fulltime
9605249,AB-2013,Tenured,Fulltime
9109693,AB-3032,Adjunct,Parttime
9604806,AB-3032,Tenured,Fulltime
9102102,AB-3032,Non-Tenured,Parttime
9108893,AB-3032,Tenured,Fulltime
9137434,AB-3033,Tenured,Fulltime
9642004,AB-3033,Adjunct,Fulltime
9571267,AB-3033,Tenured,Fulltime
9298108,AB-3033,Tenured,Fulltime
9730942,AB-3039,Adjunct,Parttime
9964668,AB-3039,Tenured,Fulltime
9778180,AB-3039,Tenured,Fulltime
9359670,AB-3039,Adjunct,Fulltime
9981939,AB-3005,Tenured,Fulltime
9426997,AB-3005,Non-Tenured,Parttime
9055774,AB-3005,Adjunct,Fulltime
9019272,AB-3005,Adjunct,Parttime
9089886,AB-1024,Tenured,Fulltime
9331428,AB-1024,Tenured,Fulltime
9752445,AB-1024,Adjunct,Fulltime
9713071,AB-1024,Non-Tenured,Fulltime
9629705,AB-3030,Adjunct,Fulltime
9510835,AB-3030,Adjunct,Parttime
9968611,AB-3030,Tenured,Fulltime
9279794,AB-3030,Non-Tenured,Fulltime
9562418,AB-0023,Tenured,Fulltime
9706260,AB-0023,Non-Tenured,Fulltime
9984558,AB-0023,Tenured,Fulltime
9516667,AB-0023,Tenured,Fulltime
9304141,Gym-1017,Tenured,Fulltime
9114474,Gym-1017,Tenured,Fulltime
9781227,Gym-1017,Tenured,Fulltime
9227814,Gym-1017,Non-Tenured,Fulltime
9161726,Lib-2107,Adjunct,Parttime
9248000,Lib-2107,Tenured,Fulltime
9347139,Lib-2107,Tenured,Fulltime
9246151,Lib-2107,Adjunct,Fulltime
9527856,AB-3050,Tenured,Fulltime
9420451,AB-3050,Non-Tenured,Parttime
9336771,AB-3050,Tenured,Fulltime
9320082,AB-3050,Tenured,Fulltime
9511981,SSC-204,Tenured,Fulltime
9639831,SSC-204,Non-Tenured,Fulltime
9159213,SSC-204,Non-Tenured,Parttime
9630466,SSC-204,Tenured,Fulltime
9062362,AB-2003,Tenured,Fulltime
9394665,AB-2003,Adjunct,Fulltime
9726373,AB-2003,Adjunct,Fulltime
9100866,AB-2003,Adjunct,Parttime
9317773,AB-3002,Adjunct,Parttime
9469674,AB-3002,Tenured,Fulltime
9515654,AB-3002,Adjunct,Parttime
9180851,AB-3002,Tenured,Parttime
9253781,AB-3026,Adjunct,Parttime
9116333,AB-3026,Non-Tenured,Parttime
