student_id,program_id,year,thesis_year,total_credit_earned
1792083,7,2022,2024,32
1924674,8,2022,2027,96
1317174,19,2024,2026,32
1856148,11,2022,2024,33
1774945,8,2024,2029,91
1525630,12,2023,2028,95
1307984,2,2022,2027,90
1353859,12,2023,2028,101
1512205,17,2024,2026,32
1178330,10,2024,2029,104
1484697,19,2024,2026,33
1805511,3,2022,2024,32
1471097,7,2022,2024,30
1535128,7,2023,2025,33
1202662,14,2023,2028,98
1085573,2,2024,2029,96
1530160,12,2022,2027,97
1298814,15,2024,2026,35
1946508,17,2023,2025,33
1517403,2,2023,2028,95
1666009,10,2023,2028,107
1093964,12,2023,2028,99
1977087,4,2023,2028,105
1339528,15,2023,2025,33
1796134,8,2022,2027,105
1427502,13,2023,2025,34
1794782,13,2022,2024,34
1847072,15,2022,2024,30
1120946,7,2022,2024,30
1575802,12,2024,2029,100
1700353,19,2022,2024,32
1426449,3,2022,2024,32
1108606,5,2023,2025,31
1509220,9,2024,2026,30
1549478,8,2023,2028,90
1320075,16,2024,2029,94
1911796,3,2023,2025,32
1303534,3,2022,2024,32
1384084,5,2024,2026,35
1033985,3,2022,2024,34
1213610,14,2024,2029,98
1724788,15,2024,2026,31
1301125,10,2022,2027,108
1009976,7,2022,2024,33
1506238,4,2023,2028,94
1353066,7,2022,2024,32
1609366,4,2022,2027,96
1024024,19,2023,2025,33
1947850,2,2023,2028,102
1629604,6,2023,2028,100
1495167,7,2023,2025,30
1424855,1,2022,2024,32
1363813,20,2022,2027,98
1301782,3,2024,2026,35
1501011,8,2024,2029,98
1000073,5,2022,2024,32
1953625,10,2024,2029,98
1157626,20,2022,2027,106
1556719,20,2023,2028,96
1256084,2,2024,2029,106
1340626,5,2022,2024,30
1626136,17,2023,2025,31
1479625,5,2022,2024,30
1932140,19,2023,2025,31
1293232,12,2023,2028,95
1517453,4,2024,2029,100
1512337,17,2024,2026,35
1825250,5,2023,2025,35
1136231,11,2024,2026,30
1893054,9,2024,2026,35
1525016,16,2022,2027,92
1362906,20,2024,2029,93
1717223,19,2023,2025,32
1805337,19,2024,2026,33
1927912,9,2022,2024,31
1765461,8,2022,2027,100
1728308,18,2024,2029,99
1266828,3,2024,2026,33
1690991,16,2023,2028,105
1903827,20,2022,2027,91
1418809,1,2023,2025,33
1983406,5,2022,2024,32
1511524,9,2022,2024,32
1731299,19,2024,2026,33
1732604,1,2024,2026,30
1040625,8,2023,2028,97
1411089,20,2023,2028,92
1351898,16,2023,2028,92
1128216,18,2023,2028,107
1336886,2,2023,2028,92
1006262,16,2022,2027,98
1870448,4,2022,2027,93
1574522,1,2023,2025,34
1505294,16,2024,2029,92
1828323,17,2022,2024,33
1398557,19,2023,2025,35
1856509,14,2023,2028,95
1304106,6,2022,2027,108
1137520,8,2024,2029,91
1172523,1,2024,2026,30
1587570,5,2022,2024,32
1510271,4,2024,2029,106
1458882,17,2023,2025,34
1842962,14,2022,2027,95
1062338,3,2022,2024,34
1134573,17,2023,2025,34
1146077,3,2022,2024,33
1798625,1,2024,2026,31
1587124,10,2024,2029,92
1107289,8,2023,2028,107
1840748,15,2023,2025,31
1288491,10,2023,2028,106
1009428,8,2022,2027,98
1923713,11,2023,2025,34
1663321,10,2024,2029,92
1909463,18,2022,2027,102
1895678,7,2022,2024,33
1403823,13,2022,2024,35
1090563,16,2023,2028,101
1570234,19,2024,2026,33
1176853,2,2023,2028,108
1531825,17,2023,2025,35
1014243,15,2023,2025,32
1729539,5,2022,2024,34
1190934,12,2022,2027,96
1309593,4,2023,2028,102
1447832,20,2023,2028,104
1264140,3,2024,2026,33
1347919,16,2022,2027,107
1144671,10,2023,2028,108
1239673,17,2024,2026,32
1202050,5,2023,2025,34
1762373,9,2022,2024,30
1942257,1,2024,2026,31
1597606,16,2022,2027,97
1925472,13,2022,2024,30
1858875,16,2022,2027,96
1850156,5,2023,2025,34
1401680,3,2023,2025,32
1301348,5,2023,2025,30
1014042,14,2022,2027,104
1384242,17,2023,2025,35
1027734,20,2022,2027,101
1745118,16,2023,2028,105
1994193,7,2022,2024,35
1802459,5,2024,2026,31
1595962,10,2023,2028,94
1948773,4,2023,2028,109
1511037,10,2023,2028,108
1559749,1,2022,2024,34
1447840,4,2024,2029,91
1883117,17,2024,2026,33
1175053,12,2023,2028,92
1863481,1,2022,2024,34
1630819,19,2024,2026,34
1702758,12,2024,2029,90
1000684,1,2023,2025,32
1455051,12,2022,2027,102
1453969,12,2024,2029,103
1658199,2,2022,2027,108
1732060,18,2024,2029,106
1973151,8,2022,2027,99
1936639,2,2024,2029,98
1481300,7,2023,2025,34
1921888,18,2022,2027,100
1285044,4,2022,2027,93
1339607,10,2022,2027,98
1161138,3,2022,2024,32
1269054,16,2023,2028,106
1854775,7,2024,2026,35
1443412,5,2022,2024,34
1487386,3,2022,2024,35
1739607,17,2022,2024,35
1614099,20,2022,2027,102
1305884,19,2022,2024,33
1532133,12,2022,2027,98
1146546,19,2022,2024,33
1643415,14,2024,2029,109
1766965,19,2023,2025,34
1226693,5,2024,2026,33
1625175,20,2024,2029,93
1668772,16,2022,2027,96
1059906,13,2022,2024,31
1419574,7,2023,2025,31
1483380,5,2024,2026,34
1722251,11,2024,2026,31
1045632,15,2022,2024,31
1399746,12,2022,2027,95
1740121,7,2023,2025,34
1691664,8,2023,2028,98
1333324,18,2024,2029,91
1900443,5,2022,2024,34
1103079,6,2024,2029,97
1824181,16,2022,2027,90
1242476,20,2022,2027,96
1815050,13,2023,2025,33
1987727,19,2022,2024,33
1717516,7,2024,2026,31
1961256,19,2024,2026,35
1313635,3,2022,2024,34
1596667,18,2023,2028,109
1000445,8,2022,2027,98
1801795,7,2022,2024,32
1585244,13,2023,2025,30
1390327,17,2022,2024,30
1784663,6,2022,2027,95
1928978,12,2022,2027,102
1538680,15,2022,2024,35
1428340,11,2022,2024,33
1718476,3,2024,2026,33
1665183,18,2024,2029,98
1923947,17,2023,2025,30
1692830,3,2024,2026,30
1398877,11,2023,2025,35
1012123,12,2022,2027,97
1314176,4,2023,2028,97
1301625,18,2022,2027,98
1893842,4,2024,2029,106
1992914,9,2022,2024,34
1809296,20,2022,2027,105
1496771,13,2023,2025,32
1111133,6,2023,2028,108
1337458,5,2024,2026,30
1090004,2,2023,2028,107
1770972,13,2022,2024,30
1518679,1,2023,2025,30
1895555,11,2022,2024,31
1948040,17,2022,2024,30
1658174,2,2022,2027,92
1032485,1,2022,2024,35
1603934,17,2022,2024,34
1931479,6,2024,2029,94
1225666,5,2023,2025,31
1468644,19,2022,2024,34
1474066,14,2022,2027,103
1330070,1,2024,2026,34
1407374,13,2023,2025,30
1173524,17,2023,2025,33
1769144,8,2024,2029,91
1291628,3,2024,2026,31
1452354,12,2022,2027,101
1498721,5,2023,2025,35
1334237,17,2024,2026,34
1877177,14,2023,2028,100
1849859,19,2024,2026,35
1287899,2,2023,2028,107
1460035,2,2023,2028,104
1526597,19,2024,2026,31
1845550,20,2022,2027,95
1216093,1,2024,2026,33
1648986,10,2024,2029,106
1833967,5,2022,2024,33
1390225,10,2022,2027,99
1118965,17,2022,2024,31
1033873,6,2022,2027,91
1523748,13,2023,2025,32
1846641,11,2024,2026,32
1021289,15,2022,2024,32
1330227,16,2022,2027,92
1909832,3,2024,2026,34
1522256,18,2022,2027,108
1890881,19,2022,2024,34
1868322,18,2023,2028,95
1429844,1,2022,2024,30
1705494,12,2023,2028,103
1146626,2,2022,2027,103
1278987,13,2024,2026,30
1882098,15,2022,2024,35
1060172,15,2023,2025,32
1424062,16,2022,2027,106
1117816,4,2022,2027,97
1181028,17,2024,2026,34
1251160,20,2024,2029,104
1819948,14,2023,2028,103
1053254,2,2022,2027,103
1403318,19,2024,2026,32
1306695,15,2024,2026,35
1391938,11,2024,2026,33
1684197,13,2023,2025,31
1561565,6,2024,2029,108
1177222,15,2022,2024,34
1308178,10,2024,2029,106
1181772,7,2023,2025,31
1910113,12,2022,2027,106
1603043,13,2022,2024,33
1939215,10,2024,2029,98
1180846,13,2023,2025,33
1771706,15,2023,2025,31
1118652,15,2022,2024,33
1881009,19,2023,2025,30
1330955,5,2023,2025,33
1952515,2,2024,2029,102
1438798,6,2022,2027,90
1022999,6,2023,2028,105
1958028,4,2023,2028,100
1092695,9,2024,2026,32
1446242,19,2024,2026,34
1294478,4,2024,2029,95
1936298,2,2024,2029,93
1193897,15,2023,2025,35
1072916,17,2023,2025,35
1781545,19,2023,2025,30
1531313,2,2024,2029,100
1767723,8,2023,2028,108
1335520,13,2022,2024,35
1579767,4,2024,2029,109
1541230,1,2022,2024,33
1513317,15,2022,2024,31
1366737,14,2023,2028,94
1584542,11,2024,2026,33
1529364,13,2024,2026,32
1754505,1,2023,2025,31
1528331,10,2022,2027,99
1334416,12,2023,2028,102
1324867,8,2023,2028,109
1854597,1,2024,2026,34
1518645,9,2022,2024,30
1069353,11,2024,2026,35
1704029,3,2023,2025,30
1637933,5,2023,2025,33
1766791,12,2023,2028,103
1156860,11,2022,2024,31
1631477,12,2024,2029,92
1173276,1,2023,2025,33
1455035,8,2024,2029,98
1853792,5,2023,2025,33
1411171,3,2022,2024,34
1023568,5,2024,2026,32
1888435,14,2023,2028,93
1939197,13,2023,2025,30
1866824,18,2024,2029,97
1797431,14,2024,2029,95
1166801,1,2024,2026,30
1351429,17,2022,2024,31
1570416,14,2022,2027,97
1854506,8,2024,2029,96
1035482,19,2023,2025,35
1976525,3,2024,2026,32
1904612,8,2023,2028,109
1726484,15,2024,2026,34
1795700,1,2023,2025,32
1925761,4,2022,2027,95
1705324,1,2022,2024,34
1496386,1,2023,2025,33
1701417,2,2023,2028,94
1384836,10,2022,2027,95
1373987,13,2024,2026,33
1803640,13,2024,2026,34
1879685,8,2022,2027,104
1066486,4,2022,2027,91
1781672,19,2024,2026,33
1486911,4,2023,2028,100
1059563,5,2024,2026,35
1904323,10,2023,2028,95
1382101,8,2024,2029,104
1762175,14,2024,2029,101
1949558,13,2023,2025,31
1152104,1,2024,2026,33
1483316,11,2022,2024,34
1617823,8,2024,2029,99
1993850,17,2024,2026,31
1490221,9,2023,2025,32
1379934,14,2022,2027,100
1741232,1,2023,2025,34
1306108,14,2023,2028,90
1478164,19,2024,2026,34
1378345,15,2022,2024,34
1442217,9,2023,2025,33
1286733,9,2024,2026,33
1550459,11,2023,2025,31
1022313,7,2023,2025,32
1003315,2,2024,2029,106
1011479,11,2024,2026,33
1254456,19,2023,2025,30
1757789,7,2023,2025,34
1139731,1,2022,2024,34
1201624,11,2023,2025,31
1160544,18,2022,2027,106
1310432,7,2022,2024,33
1354536,9,2022,2024,33
1706001,8,2022,2027,96
1316231,1,2022,2024,35
1316186,19,2024,2026,32
1377028,17,2022,2024,34
1002148,16,2024,2029,107
1682901,1,2023,2025,32
1787775,15,2023,2025,31
1506401,17,2023,2025,35
1020476,6,2024,2029,93
1453412,1,2022,2024,32
1898541,10,2023,2028,108
1428468,14,2023,2028,90
1713660,18,2024,2029,97
1483697,1,2022,2024,32
1174773,8,2023,2028,104
1647990,5,2024,2026,32
1873543,1,2024,2026,31
1945005,3,2023,2025,35
1335580,11,2022,2024,35
1727370,14,2024,2029,105
1573692,18,2024,2029,99
1402950,7,2022,2024,34
1439366,19,2022,2024,32
1626054,4,2022,2027,107
1278436,2,2022,2027,104
1735757,5,2024,2026,31
1645525,2,2024,2029,101
1398838,20,2022,2027,94
1704095,6,2023,2028,98
1932054,2,2022,2027,101
1335700,3,2023,2025,35
1708129,12,2022,2027,99
1633477,14,2024,2029,106
1163271,18,2024,2029,106
1617141,14,2022,2027,97
1128004,2,2022,2027,96
1905771,9,2023,2025,35
1507727,11,2023,2025,33
1927362,13,2023,2025,34
1747276,11,2023,2025,31
1347030,10,2022,2027,95
1654020,2,2022,2027,94
1539202,6,2023,2028,101
1576294,10,2023,2028,95
1021948,8,2023,2028,101
1687796,13,2022,2024,34
1020203,7,2023,2025,34
1238805,17,2023,2025,34
1062092,14,2023,2028,100
1814751,1,2024,2026,34
1305882,4,2024,2029,100
1330939,8,2024,2029,93
1276673,17,2024,2026,32
1928872,2,2024,2029,104
1440136,5,2022,2024,31
1903859,4,2024,2029,109
1777068,19,2024,2026,33
1100666,11,2022,2024,35
1816836,13,2024,2026,31
1748185,9,2023,2025,31
1217650,9,2022,2024,30
1222819,1,2022,2024,34
1337863,11,2023,2025,30
1325776,7,2024,2026,32
1215316,18,2022,2027,101
1301183,12,2024,2029,95
1518060,2,2024,2029,94
1032297,12,2024,2029,106
1493748,17,2023,2025,30
1140583,17,2024,2026,33
1481731,16,2024,2029,97
1841980,17,2024,2026,34
1827222,16,2023,2028,97
1519465,18,2022,2027,101
1333364,15,2024,2026,31
1653426,9,2022,2024,31
1185755,15,2023,2025,30
1209939,7,2023,2025,34
1111669,7,2022,2024,32
1978478,16,2023,2028,107
1515325,20,2024,2029,92
1195193,18,2024,2029,99
1616751,7,2022,2024,35
1177816,3,2022,2024,31
1929946,3,2022,2024,32
1754890,8,2023,2028,101
1342667,7,2024,2026,30
1968967,4,2022,2027,102
1970099,18,2022,2027,105
1388004,13,2023,2025,33
1133875,2,2024,2029,92
1616877,10,2023,2028,102
1897009,13,2023,2025,32
1326303,7,2023,2025,33
1960763,17,2022,2024,35
1402258,12,2022,2027,105
1864488,12,2024,2029,99
1908423,7,2022,2024,30
1533618,17,2024,2026,34
1305340,14,2023,2028,107
1440814,4,2023,2028,94
1139488,16,2022,2027,103
1222079,15,2022,2024,30
1659743,4,2024,2029,94
1989998,5,2024,2026,33
1347250,6,2024,2029,103
1702161,11,2023,2025,34
1116195,2,2022,2027,96
1172673,20,2024,2029,97
1543333,20,2022,2027,108
1572072,13,2023,2025,31
1410609,11,2023,2025,30
1229037,9,2022,2024,31
1571739,3,2023,2025,34
1017388,5,2023,2025,30
1820754,9,2024,2026,33
1993071,17,2022,2024,32
1893596,10,2024,2029,107
1363749,18,2023,2028,106
1050366,3,2024,2026,35
1139320,13,2022,2024,30
1307272,9,2023,2025,34
1635681,2,2024,2029,98
1174360,3,2024,2026,33
1074134,9,2024,2026,30
1627873,2,2023,2028,98
1012419,15,2022,2024,34
1618439,11,2024,2026,31
1312665,15,2023,2025,32
1455201,5,2023,2025,31
1392382,6,2022,2027,105
1367404,13,2022,2024,34
1597364,17,2023,2025,34
1290483,19,2023,2025,32
1710479,8,2023,2028,97
1631521,13,2022,2024,30
1657048,6,2024,2029,105
1198948,8,2022,2027,105
1870609,9,2022,2024,32
1708409,13,2022,2024,34
1619963,10,2024,2029,95
1221178,7,2022,2024,32
1598880,13,2023,2025,30
1539296,19,2024,2026,31
1035140,10,2024,2029,96
1320892,18,2023,2028,103
1630920,13,2022,2024,33
1896243,7,2023,2025,34
1028870,14,2024,2029,106
1751304,9,2022,2024,31
1784985,13,2024,2026,35
1819406,19,2023,2025,31
1563769,9,2023,2025,33
1656946,15,2023,2025,34
1045187,4,2023,2028,93
1658799,17,2023,2025,30
1874098,10,2023,2028,90
1617008,18,2023,2028,103
1823237,15,2022,2024,33
1749179,4,2024,2029,92
1491861,20,2022,2027,101
1121538,7,2022,2024,32
1152259,1,2023,2025,32
1126887,11,2023,2025,31
1766280,2,2023,2028,91
1761014,4,2022,2027,92
1049697,13,2022,2024,34
1450456,11,2023,2025,35
1274554,20,2023,2028,100
1198212,3,2022,2024,35
1236864,12,2022,2027,104
1126838,16,2022,2027,109
1474006,6,2024,2029,94
1110719,3,2024,2026,30
1028619,6,2024,2029,91
1487732,3,2022,2024,30
1007195,12,2023,2028,104
1957735,12,2024,2029,97
1283654,14,2022,2027,106
1389302,8,2024,2029,103
1635004,18,2024,2029,92
1793459,12,2022,2027,92
1877226,20,2023,2028,104
1923027,14,2024,2029,106
1616173,12,2022,2027,95
1846582,16,2022,2027,91
1487040,8,2024,2029,102
1068079,17,2022,2024,31
1054620,18,2023,2028,104
1739193,6,2024,2029,102
1038541,1,2023,2025,30
1064654,8,2024,2029,108
1476020,9,2022,2024,33
1553710,14,2024,2029,105
1063388,20,2022,2027,99
1528515,8,2023,2028,90
1731272,2,2022,2027,90
1026739,9,2022,2024,35
1497064,1,2022,2024,33
1215177,7,2023,2025,35
1927675,7,2023,2025,35
1164616,18,2024,2029,91
1356031,10,2024,2029,101
1391471,17,2024,2026,34
1533343,3,2024,2026,35
1384380,9,2023,2025,30
1917274,7,2024,2026,30
1979408,18,2023,2028,109
1664561,15,2024,2026,32
1068131,20,2023,2028,92
1682852,9,2023,2025,35
1237655,11,2023,2025,35
1087118,12,2024,2029,101
1789896,13,2022,2024,34
1463843,19,2023,2025,32
1731349,14,2022,2027,97
1771714,19,2023,2025,35
1451936,18,2024,2029,94
1826530,9,2024,2026,32
1249418,10,2024,2029,92
