student_id,dept_id,date_of_declaration
1108539,COM,2024-08-22
1745120,PHI,2025-08-25
1745120,ENGL,2022-05-17
1528807,COM,2022-08-05
1432377,PHY,2025-01-19
1432377,ENG,2024-06-19
1622556,BIO,2023-07-26
1622556,CHE,2022-12-03
1899918,ENG,2024-08-11
1027986,BIO,2024-07-08
1335170,HIS,2022-05-06
1356449,ENGL,2023-05-12
1356449,PHI,2023-05-09
1149406,BIO,2022-05-07
1327545,CHE,2023-05-12
1327545,BIO,2025-12-27
1929244,BIO,2024-12-05
1929244,CHE,2023-12-27
1121216,ENG,2025-08-11
1121216,PHY,2022-08-05
1446211,PHY,2024-08-26
1564995,COM,2022-01-24
1564995,PHY,2025-08-20
1206945,HIS,2025-06-09
1206945,ENGL,2024-08-07
1482136,HIS,2022-07-21
1596279,HIS,2025-06-15
1596279,ENG,2025-07-24
1076289,PHY,2024-08-08
1076289,COM,2024-07-01
1613774,ENG,2022-07-10
1089306,PHI,2022-12-11
1260267,COM,2025-05-18
1260267,PHY,2023-07-21
1695327,CHE,2025-08-28
1695327,BIO,2024-06-14
1303107,ENG,2024-01-21
1723176,ENG,2025-01-10
1677430,ENGL,2025-12-16
1558667,BIO,2024-07-01
1982327,PHY,2023-05-07
1982327,ENG,2022-12-15
1934314,BIO,2025-07-24
1934314,CHE,2023-07-14
1626126,HIS,2025-05-11
1626126,PHI,2025-12-22
1660154,PHY,2024-08-24
1914200,ENGL,2022-01-24
1291082,ENG,2023-12-04
1291082,PHY,2025-01-27
1752146,ENG,2022-01-14
1752146,PHY,2023-12-21
1545612,PHI,2025-06-08
1015419,HIS,2022-05-17
1804466,ENG,2025-06-24
1989104,ENGL,2025-07-05
1989104,HIS,2025-12-23
1251142,CHE,2025-07-12
1294780,PHI,2022-08-19
1294780,ENG,2025-01-23
1726653,BIO,2023-07-08
1726653,CHE,2025-01-26
1550486,COM,2025-05-04
1442914,HIS,2024-01-20
1547544,COM,2025-06-15
1090583,ENG,2025-12-24
1043451,PHY,2025-07-08
1043451,COM,2023-08-25
1732043,PHI,2023-05-10
1732043,ENGL,2024-07-15
1477670,PHI,2022-08-05
1382462,BIO,2022-08-17
1889799,COM,2025-06-06
1889799,PHY,2024-05-20
1076565,ENGL,2024-07-13
1469715,ENGL,2025-06-08
1702337,PHY,2022-12-10
1702337,COM,2023-06-15
1087638,ENGL,2022-06-03
1622462,BIO,2024-07-17
1008485,ENG,2024-01-22
1008485,PHY,2025-06-17
1474087,CHE,2024-05-03
1474087,BIO,2025-06-23
1155708,CHE,2024-05-09
1155708,BIO,2024-05-11
1556294,ENG,2023-08-22
1832408,ENG,2025-06-22
1832408,PHY,2022-08-26
1889922,ENG,2025-06-15
1987293,ENG,2025-08-12
1987293,PHY,2024-12-22
1133607,PHY,2025-08-10
1133607,ENG,2025-12-14
1488245,CHE,2024-05-27
1488245,BIO,2022-12-15
1975419,COM,2023-06-17
1617769,CHE,2024-06-23
1617769,BIO,2025-06-23
1048617,CHE,2023-12-25
1048617,BIO,2024-05-17
1730246,COM,2022-08-18
1730246,PHY,2023-07-08
1498475,HIS,2024-07-13
1125076,COM,2024-12-11
1082335,COM,2025-12-16
1082335,PHY,2023-07-03
1479453,HIS,2023-01-17
1360226,ENG,2024-01-22
1360226,PHY,2023-05-14
1901089,PHY,2023-01-26
1418967,ENG,2025-12-04
1541354,CHE,2025-05-23
1186327,PHI,2022-07-15
1403818,ENG,2025-06-25
1403818,PHY,2024-06-21
1705620,HIS,2025-06-25
1705620,PHI,2022-01-03
1437011,CHE,2023-05-07
1437011,BIO,2024-07-05
1042043,ENGL,2024-12-16
1553069,ENG,2023-01-22
1553069,PHY,2024-07-19
1106117,PHY,2024-01-10
1508807,BIO,2024-07-17
1022915,PHI,2022-08-05
1956321,ENGL,2025-08-28
1611437,COM,2024-07-19
1896139,CHE,2025-08-17
1896139,BIO,2025-05-03
1310850,CHE,2024-08-23
1176486,HIS,2023-05-12
1317194,HIS,2023-07-09
1698666,COM,2023-06-04
1698666,PHY,2023-06-26
1210568,ENG,2025-01-24
1494447,PHY,2022-06-20
1494447,COM,2023-08-11
1191136,ENG,2024-01-10
1166142,CHE,2022-07-15
1166142,BIO,2024-01-06
1647729,COM,2023-06-10
1636640,HIS,2022-05-28
1636640,PHI,2023-05-19
1755246,COM,2023-12-22
1457910,ENGL,2022-07-23
1945401,PHI,2024-06-26
1807621,ENG,2023-06-24
1807621,PHY,2025-12-27
1037857,BIO,2022-08-16
1037857,CHE,2022-07-26
1763057,ENG,2024-05-22
1664801,HIS,2025-01-04
1664801,PHI,2023-07-14
1019290,HIS,2025-07-17
1180647,PHY,2024-06-25
1521073,BIO,2025-06-05
1521073,CHE,2025-05-23
1501448,ENG,2023-07-25
1121790,BIO,2024-01-02
1121790,CHE,2025-01-16
1168535,ENGL,2024-01-17
1168535,PHI,2022-06-19
1679561,HIS,2024-05-06
1625195,HIS,2023-05-07
1625195,ENGL,2025-06-02
1859661,PHI,2023-01-14
1667210,COM,2024-05-23
1936211,ENG,2025-05-03
1936211,PHY,2025-05-11
1150374,ENGL,2022-06-01
1150374,HIS,2022-07-26
1317090,PHY,2024-05-22
1312999,PHY,2025-01-28
1312999,ENG,2023-08-18
1111947,ENG,2025-07-01
1172264,BIO,2023-08-26
1941932,CHE,2024-12-08
1941932,BIO,2025-06-04
1230563,PHY,2023-05-26
1267506,PHY,2023-07-21
1164107,COM,2022-05-07
1295251,ENG,2024-12-26
1295251,PHY,2022-01-04
1461546,ENG,2022-07-10
1612004,ENG,2023-12-01
1612004,PHY,2022-08-10
1447387,CHE,2025-06-01
1083716,ENG,2025-07-25
1270774,CHE,2024-05-05
1355648,BIO,2025-07-20
1164325,HIS,2024-01-10
1211432,PHI,2023-08-28
1457313,PHI,2025-07-04
1457313,ENGL,2023-12-08
1242953,HIS,2025-12-16
1242953,PHI,2025-07-04
1590816,ENGL,2024-08-21
1590816,PHI,2024-01-21
1180479,PHI,2024-12-15
1093504,PHY,2024-01-02
1698858,ENG,2023-05-12
1452980,COM,2025-06-02
1452980,PHY,2024-01-09
1463311,COM,2024-12-15
1463311,PHY,2025-05-12
1328236,PHI,2024-05-17
1473847,CHE,2022-06-04
1890430,ENG,2022-12-23
1890430,PHY,2025-07-06
1188728,ENGL,2025-05-28
1946165,CHE,2023-01-16
1946165,BIO,2022-12-07
1424462,HIS,2024-12-18
1424462,ENG,2025-07-01
1715371,PHY,2022-05-22
1336647,ENGL,2025-08-24
1336647,HIS,2024-06-25
1142662,ENG,2023-12-02
1410972,BIO,2023-07-26
1410972,CHE,2022-05-04
1139015,PHY,2024-05-24
1139015,COM,2024-12-15
1174463,COM,2025-12-14
1174463,PHY,2022-05-09
1999119,COM,2023-05-17
1999119,PHY,2025-08-12
1308742,PHY,2022-08-03
1939622,CHE,2022-05-05
1939622,BIO,2024-05-26
1336711,PHI,2025-12-17
1445620,PHY,2023-06-05
1445620,ENG,2022-12-19
1971871,ENGL,2023-05-21
1971871,PHI,2023-01-01
1660629,PHY,2022-07-23
1660629,COM,2024-05-22
1801838,ENG,2023-12-03
1251256,COM,2025-12-02
1111345,ENGL,2025-07-18
1619487,HIS,2025-05-19
1619487,ENGL,2024-12-10
1839696,PHI,2024-01-09
1509660,ENGL,2022-12-02
1509660,HIS,2024-08-16
1752294,ENG,2025-06-20
1143622,COM,2024-06-10
1143622,PHY,2025-06-02
1712429,COM,2024-06-27
1849100,ENG,2024-07-13
1373184,ENG,2024-07-03
1676325,BIO,2023-08-02
1676325,CHE,2023-05-22
1926112,COM,2023-06-21
1926112,PHY,2023-08-03
1948722,PHY,2025-01-23
1948722,COM,2023-06-26
1009632,ENG,2025-01-27
1009632,PHY,2022-12-28
1780498,ENG,2023-05-13
1780498,PHY,2022-06-01
1956582,COM,2022-05-10
1956582,PHY,2025-01-06
1315737,PHY,2022-08-08
1315737,ENG,2023-08-21
1305736,COM,2022-12-09
1802642,BIO,2023-06-05
1950245,HIS,2024-08-10
1188290,BIO,2023-08-21
1551264,PHI,2024-05-25
1551264,ENGL,2023-08-05
1179589,ENG,2022-05-24
1292426,PHY,2022-12-18
1292426,COM,2024-08-15
1843996,ENG,2023-01-12
1843996,PHY,2022-07-19
1349717,COM,2023-07-02
1349717,PHY,2022-01-26
1903676,PHY,2025-08-26
1799963,PHY,2025-08-21
1421699,ENGL,2025-06-01
1421699,PHI,2024-06-09
1240652,CHE,2025-07-25
1820460,CHE,2025-06-02
1021893,ENGL,2022-07-22
1021893,PHI,2024-05-13
1542836,PHY,2022-12-26
1542836,COM,2022-06-16
1848153,ENGL,2022-06-16
1848153,PHI,2023-12-05
1836386,PHI,2025-06-02
1321648,PHI,2024-05-25
1050781,ENG,2024-12-14
1050781,PHY,2025-06-09
1760068,HIS,2023-05-26
1079356,COM,2025-05-23
1539501,ENG,2024-12-15
1211049,COM,2024-05-06
1172410,PHY,2022-12-14
1172410,COM,2025-07-28
1731707,COM,2023-12-03
1058733,BIO,2023-05-02
1058733,CHE,2023-07-13
1988757,ENGL,2025-01-17
1988757,PHI,2022-12-21
1552227,PHI,2022-01-10
1606759,CHE,2022-01-13
1781393,COM,2023-06-11
1159684,PHY,2023-08-27
1149134,COM,2022-01-06
1149134,PHY,2025-05-28
1201155,ENGL,2022-12-21
1013341,ENG,2023-06-10
1013341,PHY,2022-05-18
1429434,ENG,2024-07-18
1259790,PHY,2024-12-25
1992621,CHE,2024-01-06
1992621,BIO,2023-01-24
1031539,BIO,2022-05-28
1031539,CHE,2025-12-25
1724360,HIS,2023-08-22
1724360,ENG,2025-05-04
1257026,COM,2022-01-07
1257026,PHY,2022-07-20
1419052,ENG,2023-01-17
1419052,PHY,2022-08-28
1125619,HIS,2025-05-24
1125619,ENGL,2025-05-06
1732041,PHY,2025-06-08
1732041,COM,2025-01-25
1494598,ENGL,2023-05-16
1494598,HIS,2025-05-20
1690239,ENG,2024-06-16
1838992,COM,2025-05-13
1838992,PHY,2023-08-05
1213674,PHI,2022-06-03
1213674,ENGL,2023-06-03
1652922,HIS,2024-01-13
1652922,PHI,2023-05-05
1641738,PHY,2024-08-10
1641738,COM,2023-08-10
1116865,BIO,2023-12-05
1116865,CHE,2023-06-02
1536240,ENGL,2025-08-21
1866731,HIS,2022-07-07
1866731,PHI,2023-06-07
1744688,ENG,2022-01-28
1744688,PHY,2023-08-10
1046775,ENG,2024-12-16
1485945,PHY,2022-05-11
1485945,COM,2024-07-20
1613823,BIO,2024-05-05
1047649,ENG,2024-06-20
1047649,PHY,2025-05-03
1068166,ENGL,2022-01-26
1327039,ENGL,2024-01-16
1327039,HIS,2024-08-24
1711714,HIS,2024-07-08
1016448,ENGL,2023-08-12
1195579,COM,2022-07-16
1195579,PHY,2024-06-09
1709303,PHI,2023-08-23
1709303,ENG,2022-08-19
1059663,PHY,2023-12-13
1059663,COM,2022-12-06
1301240,BIO,2025-05-15
1139866,HIS,2024-07-01
1139866,ENG,2025-08-14
1601364,CHE,2023-06-26
1625342,ENG,2024-06-04
1625342,PHY,2024-12-15
1108449,PHY,2022-08-26
1102786,COM,2024-07-17
1102786,PHY,2024-12-08
1860678,PHI,2025-01-21
1081225,PHY,2025-06-13
1177237,ENGL,2023-08-18
1177237,PHI,2023-06-24
1718397,BIO,2024-05-19
1680723,COM,2024-07-14
1613034,BIO,2024-01-24
1046786,BIO,2024-08-17
1661715,PHY,2024-01-14
1068502,ENGL,2023-06-26
1493865,CHE,2022-07-11
1632735,ENG,2025-01-13
1632735,PHY,2022-01-27
1827959,BIO,2022-01-26
1174930,COM,2025-07-17
1472286,CHE,2025-01-02
1799809,COM,2025-06-21
1706944,CHE,2025-07-01
1706944,BIO,2023-12-19
1600339,ENGL,2024-07-11
1987917,ENGL,2024-06-19
1237170,BIO,2022-07-12
1237170,CHE,2022-12-06
1861834,PHY,2022-05-13
1861834,ENG,2024-08-10
1338854,PHY,2025-05-25
1439456,ENGL,2025-06-16
1174890,PHY,2025-08-16
1145757,CHE,2023-08-13
1145757,BIO,2022-06-23
1380062,PHY,2024-06-23
1076149,COM,2023-07-20
1789586,ENGL,2025-05-03
1789586,PHI,2024-06-28
1976451,PHI,2022-06-03
1187419,CHE,2023-07-16
1187419,BIO,2023-12-26
1331126,ENG,2022-05-15
1248534,PHY,2024-12-10
1504595,PHI,2023-12-07
1504595,ENG,2024-12-22
1858475,COM,2023-07-06
1766565,PHI,2022-05-21
1450322,ENG,2024-01-07
1450322,PHY,2022-12-17
1505186,PHY,2024-08-13
1561645,HIS,2023-01-18
1895316,BIO,2025-12-12
1751508,ENG,2024-07-01
1603502,COM,2022-01-10
1849798,PHI,2025-12-16
1849798,ENGL,2025-12-10
1620776,PHY,2023-07-03
1694209,ENG,2022-07-04
1675750,COM,2023-12-23
1336393,ENG,2022-05-13
1336393,PHY,2024-05-06
1668133,ENGL,2024-01-22
1796517,HIS,2022-08-23
1861749,HIS,2024-12-04
1689023,CHE,2024-05-02
1023697,PHY,2025-06-02
1023697,COM,2024-12-21
1839834,ENGL,2022-05-02
1975459,CHE,2025-08-08
1975459,BIO,2023-01-05
1119463,PHI,2025-08-15
1119463,ENG,2024-07-10
1092204,ENGL,2024-01-08
1274329,COM,2023-07-16
1910038,ENG,2022-05-22
1910038,PHY,2022-05-24
1513089,CHE,2025-06-14
1154743,PHY,2025-05-18
1154743,COM,2022-05-09
1872239,COM,2022-08-02
1872239,PHY,2025-07-21
1418110,COM,2024-05-22
1545659,HIS,2023-12-13
1060643,BIO,2023-01-07
1060643,CHE,2024-06-18
1719940,CHE,2024-06-16
1808878,PHY,2024-08-12
1971486,HIS,2022-05-17
1971486,ENGL,2025-05-14
1654255,HIS,2024-07-17
1770175,PHI,2023-07-13
1822859,ENG,2025-07-01
1822859,PHY,2023-08-22
1648863,PHI,2023-01-21
1648863,ENG,2023-01-10
1864892,PHI,2023-07-13
1864892,ENG,2023-07-12
1673831,ENG,2022-06-21
1673831,PHY,2022-01-11
1887361,BIO,2022-12-08
1135835,PHY,2023-06-16
1135835,ENG,2022-07-09
1506613,PHY,2024-06-24
1506613,COM,2023-01-02
1005703,COM,2023-08-19
1703538,ENG,2022-07-09
1703538,PHY,2022-05-02
1528360,COM,2024-12-08
1292050,PHY,2022-01-07
1748476,COM,2023-06-07
1748476,PHY,2022-12-05
1174601,HIS,2025-07-07
1960287,COM,2024-07-17
1960287,PHY,2022-01-10
1011595,ENGL,2023-07-21
1255658,PHY,2025-12-11
1255658,ENG,2025-08-02
1528940,ENG,2025-08-13
1528940,PHY,2022-05-08
1682918,ENG,2023-08-09
1682918,PHY,2023-07-26
1589979,CHE,2025-06-27
1408691,HIS,2022-08-06
1408691,ENG,2025-12-17
1072247,PHI,2022-12-08
1072247,ENG,2023-08-18
1603128,ENGL,2023-05-02
1603128,HIS,2025-12-25
1838275,ENGL,2022-12-08
1314498,CHE,2022-05-08
1542625,PHI,2022-06-03
1542625,ENG,2022-05-06
1314362,PHY,2023-05-07
1209686,PHY,2024-06-17
1148107,PHY,2024-05-08
1363703,COM,2024-06-24
1363703,PHY,2025-07-15
1123660,COM,2025-12-13
1123660,PHY,2023-07-02
1883679,PHY,2024-01-02
1031431,COM,2023-06-01
1333596,PHY,2022-12-17
1091130,CHE,2024-05-13
1091130,BIO,2023-07-08
1078818,COM,2024-01-22
1256665,ENGL,2022-12-04
1256665,HIS,2023-12-12
1886772,ENG,2024-12-11
1088324,ENG,2024-08-08
1088324,PHY,2025-08-13
1791521,PHY,2022-08-27
1791521,ENG,2025-01-24
1473059,ENGL,2025-08-02
1736701,ENGL,2022-06-18
1865378,PHY,2024-06-28
1455173,COM,2025-12-16
1455173,PHY,2025-01-25
1443471,COM,2025-05-08
1281896,CHE,2024-12-15
1281896,BIO,2022-07-25
1643614,CHE,2024-05-26
1332065,ENG,2025-12-26
1603404,PHY,2023-07-23
1610113,ENGL,2022-05-19
1760726,ENG,2024-12-24
1903955,CHE,2023-06-27
1812502,ENG,2022-08-19
1812502,PHY,2024-06-14
1279522,PHI,2025-06-14
1279522,ENG,2022-08-04
1321584,PHI,2022-07-22
1321584,ENG,2025-12-16
1715109,PHI,2023-05-19
1358910,PHY,2025-07-19
1048038,PHY,2023-06-01
1356632,ENG,2022-05-17
1356632,PHY,2023-05-17
1523761,HIS,2024-06-20
1523761,ENG,2025-07-01
1445284,PHI,2024-06-23
1445284,ENGL,2024-12-23
1227646,CHE,2025-07-23
1227646,BIO,2022-12-07
1590620,ENG,2025-07-27
1768928,PHY,2025-01-10
1613688,COM,2023-12-19
1619262,ENGL,2025-06-15
1003136,BIO,2025-12-20
1899961,HIS,2025-05-09
1478062,ENG,2025-06-27
1478062,PHY,2024-08-23
1545576,COM,2022-06-20
1613082,PHY,2022-08-17
1958113,CHE,2025-08-21
1220782,CHE,2024-05-18
1701210,COM,2022-06-13
1161268,HIS,2023-08-13
1689132,ENG,2025-12-22
1969907,ENGL,2024-06-01
1674553,COM,2022-05-13
1674553,PHY,2023-07-25
1500862,PHY,2022-05-08
1166520,CHE,2025-06-05
1401963,COM,2022-12-18
1205034,HIS,2025-05-12
1984469,PHY,2023-08-24
1886285,COM,2023-06-18
1886285,PHY,2022-06-03
1668453,HIS,2022-07-27
1595993,ENGL,2022-05-02
1887311,PHY,2025-06-21
1651723,PHI,2024-08-16
1488766,COM,2022-07-22
1488766,PHY,2023-08-23
1092636,PHI,2022-12-12
1886760,BIO,2022-08-08
1035066,PHI,2024-12-21
1697025,BIO,2024-06-25
1697025,CHE,2022-06-17
1606745,CHE,2024-08-12
1606745,BIO,2023-08-11
1184642,PHI,2023-06-23
1104973,CHE,2022-01-14
1104973,BIO,2024-08-16
1845073,BIO,2022-05-19
1845073,CHE,2025-07-05
1944084,BIO,2023-08-13
1944084,CHE,2022-05-05
1794604,COM,2025-06-17
1794604,PHY,2024-07-01
1455312,ENG,2025-05-11
1138051,PHI,2024-07-20
1431657,ENG,2023-12-04
1431657,PHY,2023-01-18
1076327,ENG,2025-08-02
1043598,HIS,2025-12-18
1974299,HIS,2025-05-20
1974299,PHI,2023-07-26
1195106,PHI,2022-01-20
1195106,ENGL,2023-07-16
1384851,HIS,2024-01-21
1384851,ENGL,2022-07-16
1169358,HIS,2023-06-17
1169358,PHI,2024-07-18
1398310,ENG,2023-05-26
1398310,PHY,2025-07-17
1928953,PHI,2023-12-03
1928953,ENGL,2025-12-08
1393897,ENG,2025-08-01
1730883,PHY,2025-05-17
1730883,COM,2023-07-24
1840121,COM,2025-08-20
1394841,PHY,2024-01-21
1394841,ENG,2023-05-04
1775901,CHE,2023-08-28
1775901,BIO,2024-06-02
1620970,PHY,2023-07-12
1620970,COM,2025-07-02
1152305,ENG,2022-06-04
1376450,CHE,2023-07-26
1339561,ENG,2022-01-18
1391491,ENG,2023-08-22
1391491,PHY,2023-12-20
1512862,ENG,2024-12-18
1588597,ENGL,2023-06-25
1634463,BIO,2023-05-11
1634463,CHE,2024-07-17
1534948,ENG,2022-06-03
1534948,PHY,2024-01-24
1071970,PHI,2023-08-14
1071970,ENGL,2022-07-26
1520069,HIS,2024-05-01
1520069,ENG,2024-07-27
1201976,BIO,2024-07-13
1201976,CHE,2024-07-26
1144873,COM,2024-06-08
1144873,PHY,2025-01-03
1583044,ENGL,2023-12-18
1065596,COM,2022-07-25
1574434,ENGL,2025-01-17
1712225,HIS,2022-05-26
1712225,PHI,2025-07-01
1014715,COM,2022-12-09
1014715,PHY,2024-05-16
1777784,CHE,2025-01-05
1572983,PHI,2024-05-06
1597303,ENGL,2025-01-11
1218212,ENG,2023-07-11
1218212,PHY,2025-05-23
1676433,COM,2023-06-26
1676433,PHY,2025-05-16
1499500,CHE,2025-01-24
1499500,BIO,2024-07-04
1378336,BIO,2023-05-06
1766472,HIS,2022-07-21
1766472,PHI,2022-12-09
1417651,PHY,2022-08-27
1417651,COM,2022-06-16
1527576,COM,2024-12-19
1527576,PHY,2024-12-27
1244349,HIS,2025-08-15
1244349,PHI,2024-01-13
1741404,PHY,2024-01-20
1741404,ENG,2023-08-08
1911705,PHY,2024-07-06
1911705,COM,2024-06-23
1662518,PHI,2024-06-26
1260219,HIS,2025-05-20
1260219,PHI,2024-08-08
1041710,CHE,2024-05-28
1041710,BIO,2022-01-03
1960456,PHI,2022-12-05
1083248,ENG,2024-01-01
1083248,PHY,2025-05-07
1080360,PHY,2022-08-24
1305113,COM,2022-01-11
1305113,PHY,2022-01-12
1657487,ENGL,2022-12-02
1673789,PHI,2022-12-21
1300698,ENG,2023-01-26
1826267,BIO,2022-08-16
1488099,PHY,2024-07-20
1488099,COM,2022-12-27
1947964,HIS,2024-01-18
1283975,BIO,2025-07-27
1318338,ENGL,2024-07-28
1141578,ENGL,2024-12-23
1141578,PHI,2024-01-25
1690651,ENG,2022-06-20
1690651,PHY,2025-05-12
1042783,HIS,2024-12-07
1642562,HIS,2022-07-09
1642562,PHI,2025-07-25
1257422,ENG,2022-01-03
1294832,PHI,2025-01-18
1512768,CHE,2023-12-02
1512768,BIO,2023-06-24
1693669,COM,2024-12-09
1123747,PHY,2025-06-19
1123747,ENG,2023-06-20
1896333,HIS,2022-05-18
1896333,ENG,2022-07-27
1435808,PHI,2025-01-08
1985069,CHE,2025-12-23
1111285,PHY,2022-07-20
1940918,PHY,2023-05-08
1485759,PHY,2024-08-23
1767018,ENG,2024-06-13
1954077,BIO,2024-05-13
1080994,CHE,2024-07-27
1080994,BIO,2022-01-06
1919524,COM,2024-08-14
1919524,PHY,2023-07-21
1856260,BIO,2024-08-21
1856260,CHE,2023-01-21
1307498,PHI,2022-12-07
1341102,PHI,2025-12-21
1984757,CHE,2025-05-07
1984757,BIO,2022-01-07
1052465,COM,2024-05-18
1959071,COM,2024-07-08
1959071,PHY,2022-07-11
1359759,ENG,2023-08-18
1321368,HIS,2022-06-04
1358310,COM,2024-05-17
1761209,HIS,2024-06-18
1761209,ENGL,2022-01-14
1279999,HIS,2025-06-18
1729874,COM,2024-06-25
1729874,PHY,2022-08-20
1302359,ENGL,2022-01-16
1302359,PHI,2024-05-17
1429684,PHY,2022-05-21
1429684,COM,2023-06-03
1626101,ENG,2023-12-25
1886143,CHE,2023-12-15
1886143,BIO,2023-05-02
1166337,HIS,2022-05-11
1808891,PHI,2023-05-24
1405696,ENGL,2024-08-11
1405696,PHI,2022-08-24
1596573,PHI,2025-07-09
1990993,BIO,2024-08-18
1784549,CHE,2023-01-02
1509822,PHY,2023-12-19
1782610,HIS,2025-08-02
1782610,ENGL,2024-07-02
1955379,PHY,2022-12-28
1955379,ENG,2022-07-14
1531071,ENGL,2025-06-12
1910342,ENG,2022-12-09
1910342,PHY,2023-08-26
1958305,BIO,2023-05-20
1527814,COM,2022-08-27
1527814,PHY,2025-06-22
1186409,COM,2022-05-16
1462937,ENGL,2024-01-25
1139318,PHI,2022-08-28
1139318,ENG,2025-12-08
1575166,CHE,2024-05-01
1575166,BIO,2023-01-06
1666635,PHY,2022-12-17
1680567,ENG,2024-08-22
1680567,PHY,2022-08-01
1868691,HIS,2024-12-04
1868691,ENG,2023-12-04
1156460,ENG,2024-08-12
1763992,COM,2025-07-24
1870597,PHY,2023-12-19
1870597,COM,2024-05-27
1908722,PHY,2023-08-28
1952605,COM,2023-07-13
1952605,PHY,2024-05-13
1586374,PHI,2022-05-14
1452225,PHI,2023-01-25
1528059,PHI,2023-01-22
1528059,ENGL,2024-08-17
1644800,BIO,2022-07-23
1785087,CHE,2023-08-20
1785087,BIO,2022-07-02
1843723,COM,2024-07-24
1843723,PHY,2022-05-08
1737850,ENG,2022-01-03
1837496,PHI,2025-08-05
1837496,ENG,2025-01-09
1849427,HIS,2022-06-26
1849427,ENG,2025-07-11
1266076,PHY,2022-05-02
1266076,ENG,2023-05-05
1969714,ENGL,2025-01-23
1969714,PHI,2025-12-03
1149876,PHY,2025-08-09
1655442,PHY,2023-08-25
1655442,COM,2025-12-01
1885197,BIO,2024-12-18
1518140,BIO,2022-07-23
1518140,CHE,2024-06-03
1110750,BIO,2025-05-28
1506016,COM,2024-08-05
1932081,COM,2023-12-14
1526196,PHI,2022-08-17
1526196,ENGL,2023-05-11
1308180,CHE,2023-12-09
1308180,BIO,2023-12-01
1893424,PHI,2025-08-02
1434905,CHE,2023-12-20
1434905,BIO,2025-01-25
1940096,ENGL,2025-08-24
1940096,HIS,2022-01-16
1467938,BIO,2022-01-11
1467938,CHE,2025-08-15
1595215,CHE,2023-05-28
1595215,BIO,2025-12-21
1378163,PHY,2023-12-15
1426066,HIS,2022-06-01
1426066,ENGL,2024-01-07
1641290,PHI,2025-08-19
1641290,ENG,2023-06-13
1763308,HIS,2024-05-23
1528375,COM,2023-08-27
1139552,COM,2024-07-18
1139552,PHY,2023-05-11
1527352,CHE,2022-06-16
1527352,BIO,2023-07-02
1238837,COM,2025-12-05
1238837,PHY,2025-12-28
1175547,BIO,2023-12-02
1524674,HIS,2024-12-22
1524674,ENG,2025-06-07
1942568,BIO,2023-06-09
1215106,HIS,2022-05-12
1106919,BIO,2024-08-14
1544081,PHY,2022-12-16
1544081,ENG,2024-08-22
1719134,BIO,2024-05-21
1719134,CHE,2022-06-20
1793276,CHE,2024-12-02
1906854,PHY,2022-08-13
1728811,COM,2023-07-02
1728811,PHY,2025-06-04
1224654,BIO,2022-06-03
1224654,CHE,2025-07-21
1577362,ENGL,2024-12-19
1174262,PHY,2025-12-17
1187582,ENG,2023-12-15
1320125,ENG,2022-01-04
1553280,HIS,2023-12-08
1553280,ENG,2024-07-15
1325985,COM,2025-06-26
1149956,COM,2025-01-11
1149956,PHY,2022-06-16
1920763,ENG,2023-05-21
1517824,PHY,2023-12-10
1465991,ENG,2022-07-06
1202651,ENGL,2025-12-08
1807614,HIS,2023-01-13
1899311,BIO,2025-01-26
1694198,BIO,2025-12-15
1694198,CHE,2024-01-12
1156842,HIS,2023-05-21
1603203,ENG,2022-08-01
1603203,PHY,2024-12-06
1595176,CHE,2024-05-28
1595176,BIO,2022-06-24
1898529,PHI,2024-01-27
1898529,ENGL,2023-07-21
1220271,ENG,2025-05-24
1220271,PHY,2025-07-14
1630391,COM,2023-12-26
1938753,BIO,2024-06-13
1938753,CHE,2025-01-01
1723437,ENG,2024-07-21
1457216,HIS,2022-01-10
1271718,COM,2025-12-11
1271718,PHY,2025-05-14
1748131,PHI,2024-05-28
1963698,CHE,2022-06-04
1669382,ENG,2024-05-06
1244846,COM,2023-05-15
1244846,PHY,2023-07-07
1076357,CHE,2022-05-22
1819174,CHE,2024-12-08
1122456,COM,2024-07-05
1755487,ENGL,2024-08-25
1755487,PHI,2025-07-23
1428330,HIS,2022-07-11
1832452,PHY,2025-07-19
1832452,COM,2024-08-22
1907224,PHY,2022-07-13
1907224,COM,2022-08-12
1947436,PHI,2022-12-02
1852500,COM,2025-07-17
1852500,PHY,2025-07-20
1972880,ENGL,2024-07-19
1000334,PHI,2022-01-03
1000334,ENG,2022-12-15
1340308,COM,2024-06-07
1512376,COM,2024-05-09
1278640,ENG,2023-07-08
1010690,ENG,2025-08-17
1010690,PHY,2022-12-13
1921654,HIS,2022-01-23
1235608,CHE,2023-06-01
1003113,BIO,2023-07-08
1003113,CHE,2022-07-20
1438480,COM,2022-08-16
1620754,BIO,2023-05-10
1620754,CHE,2025-12-06
1687562,PHY,2023-05-17
1687562,ENG,2022-07-16
1807735,HIS,2022-05-25
1584733,HIS,2022-07-24
1584733,ENGL,2023-06-01
1819163,HIS,2024-06-16
1819163,PHI,2023-07-23
1695184,COM,2024-07-09
1526166,BIO,2025-05-22
1223923,HIS,2024-12-22
1890535,ENGL,2025-08-06
1890535,PHI,2023-01-05
1778826,COM,2025-01-09
1114433,COM,2024-08-16
1114433,PHY,2025-05-16
1103076,PHI,2023-05-19
1163501,HIS,2023-07-15
1163501,ENGL,2022-08-15
1923031,PHY,2025-12-04
1923031,ENG,2023-12-25
1346339,ENG,2025-12-13
1882335,ENG,2022-01-15
1939440,COM,2024-05-22
1939440,PHY,2023-08-01
1282509,CHE,2024-07-10
1850989,PHI,2025-08-24
1850989,ENGL,2022-08-02
1533936,ENG,2022-12-13
1533936,PHY,2023-05-14
1944895,ENGL,2024-08-06
1135474,HIS,2022-12-28
1135474,PHI,2025-07-21
1909684,COM,2023-01-23
1909684,PHY,2022-05-21
1671313,PHY,2025-08-16
1232091,COM,2024-06-03
1452898,PHY,2023-08-01
1452898,COM,2024-07-13
1273249,CHE,2025-12-17
1878765,ENGL,2025-06-11
1878765,HIS,2022-08-10
1358172,ENG,2024-05-27
1378573,ENG,2023-12-01
1378573,PHY,2023-06-10
1349324,BIO,2024-12-11
1349324,CHE,2025-12-11
1644572,PHY,2023-08-12
1212486,ENG,2023-12-16
1212486,PHY,2023-08-14
1325618,CHE,2025-06-18
1277661,BIO,2022-07-13
1984614,ENGL,2022-06-27
1150325,PHI,2023-05-11
1150325,ENGL,2023-07-23
1305902,HIS,2023-12-22
1499848,HIS,2025-06-14
1975676,CHE,2024-05-11
1975676,BIO,2025-08-18
1814912,COM,2023-06-01
1814912,PHY,2022-06-06
1658248,BIO,2023-12-16
1658248,CHE,2024-01-24
1361358,PHI,2022-01-22
1361358,ENGL,2024-07-05
1309782,COM,2025-12-12
1686145,ENGL,2023-07-20
1486929,COM,2022-06-24
1006514,ENGL,2025-05-19
1193984,CHE,2025-08-26
1462947,PHY,2024-08-18
1462947,ENG,2024-01-06
1729691,ENGL,2025-08-22
1375971,ENG,2024-08-04
1707706,COM,2025-06-20
1707706,PHY,2024-12-02
1721808,COM,2022-01-14
1835651,COM,2024-06-12
1835651,PHY,2023-05-27
1864954,PHI,2023-01-05
1532227,CHE,2023-01-11
1532227,BIO,2023-05-28
1964798,BIO,2023-08-26
1964798,CHE,2025-01-26
1954001,PHY,2023-01-25
1954001,ENG,2022-08-17
1195800,COM,2022-05-05
1195800,PHY,2023-07-05
1366378,BIO,2022-01-04
1340675,ENG,2024-05-22
1125446,HIS,2022-08-25
1125446,ENGL,2022-07-05
1566762,ENG,2024-08-28
1566762,PHY,2024-07-03
1079177,HIS,2024-12-28
1079177,ENGL,2025-06-04
1123475,CHE,2025-01-25
1895537,CHE,2023-07-19
1122325,PHY,2025-07-24
1387511,PHI,2022-12-19
1433066,ENGL,2022-07-02
1433066,PHI,2025-05-21
1458144,ENG,2023-01-20
1458144,PHY,2025-06-24
1411615,CHE,2023-07-16
1411615,BIO,2024-06-19
1038614,COM,2022-08-24
1015339,PHY,2022-05-19
1015339,ENG,2024-05-08
1982440,BIO,2024-08-04
1982440,CHE,2022-08-06
1361205,COM,2023-08-02
1361205,PHY,2023-01-21
1414063,ENG,2025-12-15
1414063,PHY,2024-12-03
1291453,BIO,2024-07-03
1291453,CHE,2024-12-24
1519855,ENG,2024-12-20
1819691,PHY,2025-08-18
1819691,COM,2023-07-27
1548274,BIO,2022-06-10
1548274,CHE,2022-08-21
1465816,ENGL,2023-07-11
1025545,ENG,2024-05-07
1025545,PHY,2025-07-23
1156813,ENGL,2023-07-28
1156813,PHI,2024-05-23
1508191,ENGL,2024-01-06
1573726,HIS,2024-01-03
1573726,ENG,2025-07-09
1430621,PHY,2023-08-16
1430621,ENG,2025-05-28
1885253,PHI,2023-05-06
1474607,ENGL,2025-05-09
1474607,PHI,2022-08-05
1212231,BIO,2022-12-10
1212231,CHE,2024-08-27
1238699,PHY,2023-06-07
1197431,ENG,2024-01-21
1197431,PHY,2025-12-13
1538200,COM,2023-12-20
1538200,PHY,2025-07-06
1479902,PHI,2024-06-13
1987086,CHE,2023-08-13
1987086,BIO,2023-01-14
1252157,HIS,2022-05-21
1252157,PHI,2022-05-16
1455157,COM,2022-06-01
1455157,PHY,2023-01-04
1497385,PHY,2025-06-03
1497385,ENG,2025-06-04
1476807,ENG,2023-01-03
1476807,PHY,2023-12-12
1433114,PHI,2025-06-23
1585330,PHY,2024-08-02
1275036,HIS,2024-12-27
1188043,BIO,2025-01-03
1188043,CHE,2025-12-05
1158214,BIO,2022-06-25
1158214,CHE,2023-01-24
1868442,PHI,2022-07-28
1868442,ENGL,2022-06-21
1075930,ENG,2024-01-25
1695766,PHI,2025-07-04
1695766,ENGL,2025-12-17
1871724,CHE,2023-05-13
1496460,ENG,2025-01-24
1624748,ENGL,2023-12-07
1624748,HIS,2024-07-19
1874687,BIO,2024-05-07
1016011,HIS,2025-12-13
1016011,ENG,2024-01-06
1994107,ENGL,2022-08-09
1062685,ENGL,2025-07-17
1062685,HIS,2022-06-27
1876447,ENGL,2024-05-15
1876447,PHI,2023-01-09
1904172,PHY,2023-07-15
1904172,COM,2025-05-26
1022864,CHE,2023-12-22
1022864,BIO,2025-08-17
1082665,PHY,2025-06-14
1082665,ENG,2024-01-06
1583797,ENGL,2022-07-01
1994039,COM,2024-05-04
1994039,PHY,2023-08-11
1263514,HIS,2025-12-08
1525711,BIO,2023-07-26
1597011,ENGL,2025-07-02
1985939,PHY,2023-05-10
1780539,PHI,2024-08-17
1780539,ENGL,2022-01-13
1552760,BIO,2024-12-05
1870744,PHI,2022-05-11
1870744,ENG,2022-05-03
1729689,BIO,2025-01-05
1368584,PHY,2022-06-13
1368584,ENG,2023-12-15
1026876,ENGL,2023-05-08
1549726,PHY,2025-06-04
1484235,PHY,2025-08-02
1484235,COM,2022-06-14
1489380,BIO,2023-01-21
1402477,PHI,2022-01-22
1124110,PHY,2025-06-09
1325901,PHY,2024-01-22
1325901,COM,2023-06-26
1148883,ENGL,2024-06-28
1938991,COM,2022-05-14
1938991,PHY,2022-01-20
1823135,COM,2025-07-20
1823135,PHY,2022-07-24
1235064,BIO,2025-08-23
1238606,ENGL,2024-05-12
1700978,PHY,2025-08-23
1024068,PHY,2024-06-28
1024068,COM,2022-01-24
1929878,PHY,2024-08-05
1929878,ENG,2023-05-23
1130023,PHY,2025-05-09
1130023,ENG,2022-08-17
1890234,PHI,2022-05-05
1890234,ENGL,2023-08-22
1102985,ENG,2023-12-01
1102985,PHY,2024-06-16
1941681,ENG,2025-08-01
1671943,COM,2024-05-27
1671943,PHY,2023-05-10
1675962,ENG,2023-12-24
1388467,CHE,2022-07-09
1611642,COM,2024-12-01
1611642,PHY,2022-08-15
1441969,BIO,2023-06-13
1441969,CHE,2024-07-20
1562256,COM,2023-08-03
1349270,HIS,2025-07-03
1349270,ENGL,2023-05-04
1894810,ENGL,2025-07-19
1165592,COM,2024-05-11
1165592,PHY,2022-05-04
1682380,HIS,2024-12-28
1682380,ENGL,2022-07-05
1184173,ENG,2022-06-18
1184173,PHY,2022-01-20
1293406,ENGL,2022-06-15
1293406,PHI,2023-08-19
1206502,BIO,2022-12-02
1872928,HIS,2023-07-15
1872928,PHI,2025-08-06
1137325,HIS,2023-07-23
1137325,ENGL,2024-01-18
1754597,PHY,2025-06-15
1754597,COM,2025-08-17
1420373,BIO,2022-06-28
1420373,CHE,2023-01-23
1507754,COM,2025-06-17
1106379,ENGL,2024-06-23
1106379,HIS,2023-07-20
1999179,ENG,2024-08-21
1999179,PHY,2024-06-13
1558445,ENGL,2023-07-15
1031371,PHY,2025-01-19
1592505,COM,2023-05-06
1839671,HIS,2023-05-12
1839671,ENG,2022-12-04
1859226,ENG,2022-05-24
1702341,PHI,2025-05-23
1051382,PHI,2022-05-05
1051382,ENG,2023-01-10
1347985,ENG,2025-06-26
1347985,PHY,2025-01-23
1065793,HIS,2023-07-26
1065793,ENG,2023-07-17
1614113,CHE,2024-01-14
1640860,ENG,2022-01-06
1528193,HIS,2024-06-20
1528193,ENGL,2025-12-21
1155973,CHE,2024-01-22
1698383,BIO,2022-06-11
1265526,COM,2025-12-25
1265526,PHY,2025-05-21
1248138,PHI,2023-05-07
1014804,ENG,2025-01-05
1014804,PHY,2022-07-06
1474675,BIO,2023-01-21
1424745,PHI,2022-06-19
1720742,PHY,2022-08-16
1899406,PHI,2023-12-27
1575272,ENGL,2023-01-08
1230271,COM,2024-05-19
1230271,PHY,2024-05-11
1434875,BIO,2023-06-23
1434875,CHE,2023-12-11
1625679,BIO,2023-12-13
1651500,ENGL,2022-12-09
1433428,ENGL,2022-06-01
1464480,CHE,2025-05-19
1244129,HIS,2022-12-22
1244129,ENGL,2024-01-04
1506985,CHE,2025-05-20
1340092,ENGL,2024-05-21
1340092,HIS,2025-01-15
1406299,ENGL,2022-05-14
1406299,PHI,2023-01-12
1746234,ENGL,2022-08-16
1746234,PHI,2025-01-02
1375858,PHY,2022-06-26
1375858,COM,2022-01-07
1198055,PHY,2024-08-06
1198055,COM,2023-05-21
1014296,ENG,2023-01-06
1014296,PHY,2023-08-03
1190494,ENGL,2023-05-06
1190494,PHI,2023-01-13
1128425,BIO,2023-01-08
1128425,CHE,2022-07-16
1880700,CHE,2024-05-16
1662591,PHI,2023-05-12
1147726,PHY,2024-01-23
1913290,COM,2022-07-04
1913290,PHY,2022-12-19
1900872,CHE,2024-06-22
1409638,CHE,2023-06-27
1409638,BIO,2023-12-09
1090707,HIS,2024-06-03
1635184,PHI,2023-07-04
1635184,ENGL,2025-07-26
1571273,PHI,2025-08-07
1571273,ENGL,2024-01-25
1738139,PHY,2025-06-01
1738139,ENG,2022-08-05
1986993,ENGL,2022-05-07
1290204,PHY,2022-05-13
1456582,COM,2022-01-09
1456582,PHY,2022-08-15
1349177,CHE,2024-06-05
1668794,ENGL,2023-01-11
1638527,HIS,2023-06-09
1542570,BIO,2025-06-13
1542570,CHE,2025-07-22
1439297,PHY,2022-01-09
1774606,BIO,2025-07-10
1116820,PHI,2022-08-16
1116820,ENGL,2025-06-12
1806492,COM,2022-01-23
1636838,BIO,2024-07-22
1636838,CHE,2024-08-19
1175890,BIO,2025-06-23
1175890,CHE,2023-07-03
1655972,BIO,2022-01-26
1655972,CHE,2023-12-21
1367779,ENG,2024-01-11
1935819,PHY,2022-06-25
1272977,ENG,2025-05-21
1272977,PHY,2024-01-10
1442324,BIO,2022-08-20
1442324,CHE,2022-07-15
1894041,PHY,2022-01-02
1894041,ENG,2023-06-09
1618687,CHE,2023-12-19
1618687,BIO,2023-08-28
1036533,ENGL,2025-01-10
1623746,ENG,2022-08-18
1766282,CHE,2023-05-16
1626905,PHY,2025-01-24
1092539,BIO,2025-08-05
1092539,CHE,2023-12-27
1254382,COM,2024-01-10
1254382,PHY,2025-07-26
1290797,BIO,2023-01-09
1208120,PHI,2024-06-10
1680727,ENGL,2023-12-04
1594226,HIS,2025-07-06
1594226,ENG,2024-06-14
1216451,BIO,2023-07-28
1930509,HIS,2023-01-26
1930509,ENG,2023-01-20
1748539,COM,2025-07-24
1748539,PHY,2023-06-01
1254898,ENGL,2024-05-01
1829240,PHY,2023-05-04
1850584,HIS,2023-08-20
1850584,PHI,2023-05-01
1348610,PHY,2023-12-01
1348610,COM,2025-01-18
1693666,COM,2025-05-27
1693666,PHY,2024-05-19
1317380,CHE,2025-05-04
1317380,BIO,2022-01-04
1407091,PHY,2023-07-18
1407091,ENG,2025-01-11
1885234,ENG,2024-12-20
1885234,PHY,2022-12-14
1273154,PHY,2023-12-14
1273154,ENG,2024-01-10
1774843,BIO,2024-07-10
1869772,COM,2023-05-23
1869772,PHY,2023-07-22
1474684,COM,2025-01-28
1474684,PHY,2025-07-20
1855104,BIO,2025-12-05
1780774,PHY,2023-01-21
1780774,COM,2023-05-04
1725214,ENG,2023-07-11
1725214,PHY,2025-07-08
1036264,HIS,2024-01-20
1036264,ENGL,2025-06-04
1817111,ENG,2022-12-08
1817111,PHY,2025-01-09
1052144,ENGL,2023-05-22
1844224,ENG,2022-01-13
1844224,PHY,2024-08-07
1761118,COM,2023-07-07
1761118,PHY,2022-01-06
1618050,COM,2023-07-04
1618050,PHY,2024-07-20
1590772,COM,2025-12-16
1090174,ENGL,2025-07-12
1490992,ENGL,2025-07-07
1490992,PHI,2025-12-09
1633592,ENG,2025-01-23
1633592,PHY,2023-12-23
1817449,PHY,2024-12-15
1817449,ENG,2023-01-09
1158861,PHI,2025-12-17
1164109,ENG,2022-07-21
1965972,HIS,2024-01-20
1965972,ENGL,2025-08-09
1674615,PHY,2023-06-12
1169404,PHI,2025-06-23
1012672,ENGL,2024-07-12
1852715,HIS,2024-07-11
1361935,PHI,2024-06-21
1299110,PHI,2023-08-22
1844775,PHY,2023-12-08
1844775,COM,2024-05-15
1123053,COM,2024-07-20
1123053,PHY,2024-05-06
1434032,BIO,2022-06-15
1434032,CHE,2023-06-14
1122725,ENG,2022-01-18
1777922,COM,2024-12-10
1777922,PHY,2025-05-19
1731526,ENGL,2024-07-16
1389170,ENG,2023-08-05
1389170,PHY,2025-05-04
1315088,ENGL,2025-05-20
1315088,HIS,2024-08-25
1577563,ENG,2023-08-17
1577563,PHY,2023-06-14
1409205,BIO,2022-05-11
1478116,COM,2023-12-11
1478116,PHY,2022-05-22
1093452,PHY,2025-07-13
1093452,ENG,2024-01-05
1706466,COM,2024-12-25
1094876,BIO,2024-05-13
1080532,PHY,2025-08-18
1811727,PHY,2024-06-21
1811727,ENG,2022-05-23
1545415,CHE,2024-12-10
1646246,BIO,2025-01-12
1233487,PHY,2024-01-24
1692420,BIO,2024-01-08
1523884,PHY,2024-12-23
1133690,CHE,2025-05-18
1133690,BIO,2024-05-23
1128905,COM,2022-07-10
1472345,COM,2024-05-28
1663613,CHE,2025-12-24
1663613,BIO,2025-05-24
1455096,BIO,2022-06-25
1319523,HIS,2024-01-09
1115557,ENG,2022-12-07
1115557,PHY,2023-07-05
1980136,ENG,2025-06-09
1980136,PHY,2024-01-13
1193631,CHE,2025-06-05
1193631,BIO,2024-07-08
1184599,ENG,2024-05-17
1199751,ENG,2023-12-01
1100033,BIO,2023-01-06
1100033,CHE,2025-07-09
1181906,HIS,2023-01-04
1871643,PHY,2025-07-11
1871643,COM,2023-05-23
1396276,BIO,2022-12-13
1144085,ENG,2022-05-13
1144085,PHY,2022-12-24
1595240,ENGL,2024-08-28
1595240,PHI,2023-08-06
1760456,PHI,2023-06-07
1473068,COM,2022-01-15
1473068,PHY,2024-07-08
1930479,PHI,2025-08-22
1930479,ENGL,2023-06-02
1656636,BIO,2022-05-07
1656636,CHE,2025-12-11
1377700,ENGL,2022-01-21
1377700,PHI,2022-05-19
1426758,PHI,2023-07-17
1426758,ENG,2022-12-15
1782076,CHE,2024-01-11
1782076,BIO,2022-05-26
1893109,HIS,2022-08-15
1321885,ENG,2023-12-27
1789736,COM,2022-08-24
1882510,ENGL,2024-06-08
1882510,PHI,2022-06-09
1913826,HIS,2025-08-26
1959186,HIS,2024-08-13
1074656,HIS,2025-07-14
1288422,PHY,2022-08-04
1288422,ENG,2022-12-08
1078796,PHY,2022-12-25
1476368,ENG,2024-08-14
1476368,PHY,2022-08-06
1486306,ENGL,2022-12-09
1061140,PHY,2024-08-10
1476763,CHE,2022-12-19
1476763,BIO,2025-12-02
1170061,ENG,2024-06-06
1116058,BIO,2023-01-10
1441023,HIS,2023-06-06
1986632,PHI,2022-01-11
1986632,ENGL,2023-07-05
1807902,ENG,2024-12-01
1554781,ENG,2022-12-24
1120876,PHI,2022-01-11
1120876,ENG,2025-07-17
1711695,COM,2024-01-24
1711695,PHY,2023-12-25
1693250,PHY,2022-12-02
1619824,BIO,2022-08-04
1619824,CHE,2023-07-02
1037157,COM,2024-07-13
1372825,PHY,2022-06-07
1372825,COM,2023-12-25
1669572,CHE,2024-05-13
1190158,COM,2024-12-25
1190158,PHY,2022-12-25
1459534,PHI,2022-01-28
1459534,ENGL,2023-07-23
1208474,PHI,2025-08-13
1208474,ENG,2023-06-21
1583170,COM,2022-01-13
1583170,PHY,2023-08-19
1550870,CHE,2023-07-28
1550870,BIO,2022-12-19
1424777,ENG,2023-01-04
1424777,PHY,2022-07-13
1106015,ENGL,2023-12-26
1101763,CHE,2022-08-27
1101763,BIO,2023-08-17
1176195,HIS,2022-07-25
1176195,ENGL,2022-08-13
1411789,CHE,2024-08-04
1411789,BIO,2024-06-19
1220815,HIS,2023-06-15
1374832,ENGL,2023-05-06
1374832,HIS,2025-01-25
1199974,ENGL,2025-01-18
1199974,HIS,2024-08-21
1773350,CHE,2024-12-28
1773350,BIO,2022-05-28
1462382,PHY,2024-07-04
1388039,COM,2023-01-07
1388039,PHY,2022-06-23
1469040,COM,2024-05-22
1469040,PHY,2025-08-03
1616937,ENG,2023-01-25
1387459,PHI,2022-12-27
1387459,ENGL,2024-08-07
1243065,PHY,2022-05-19
1569238,PHI,2023-01-19
1569238,ENG,2023-07-11
1340520,COM,2025-05-17
1340520,PHY,2022-05-09
1734462,ENGL,2025-05-08
1704350,PHY,2025-12-09
1444746,ENG,2025-06-16
1772908,ENGL,2025-12-21
1818953,ENGL,2024-12-01
1323147,ENGL,2025-07-23
1323147,HIS,2025-05-25
1229451,PHY,2022-12-12
1865977,BIO,2023-12-21
1865977,CHE,2025-01-13
1410233,COM,2025-08-28
1410233,PHY,2024-05-28
1141632,COM,2024-01-07
1141632,PHY,2024-05-15
1593903,HIS,2022-12-05
1593903,ENG,2024-07-16
1517483,PHY,2023-12-26
1525829,PHY,2024-05-13
1984955,ENGL,2022-05-17
1984955,HIS,2023-07-22
1177525,CHE,2023-01-18
1594248,COM,2024-08-26
1016314,ENGL,2022-08-25
1592950,PHI,2024-06-22
1365470,ENGL,2024-01-11
1365470,PHI,2024-08-19
1989575,PHI,2025-07-05
1539569,HIS,2025-06-25
1539569,ENGL,2022-07-01
1389063,CHE,2024-01-05
1389063,BIO,2023-07-09
1098062,ENGL,2025-07-10
1021533,ENGL,2022-12-02
1891491,PHI,2022-01-21
1049300,PHI,2023-01-04
1049300,ENG,2023-05-05
1251516,ENG,2025-07-28
1251516,PHY,2023-06-04
1605710,ENGL,2025-08-11
1705698,COM,2024-06-14
1068164,ENG,2024-05-20
1068164,PHY,2025-06-12
1712420,COM,2025-06-19
1712420,PHY,2025-08-07
1041918,PHY,2023-01-01
1768979,CHE,2022-01-04
1768979,BIO,2025-07-14
1801072,COM,2023-01-24
1801072,PHY,2024-07-15
1981077,CHE,2022-07-28
1981077,BIO,2025-01-16
1554185,PHY,2024-08-25
1554185,COM,2024-07-10
1210514,ENG,2023-06-19
1761941,PHI,2025-01-13
1761941,ENG,2023-01-16
1637248,ENG,2025-12-21
1914794,PHY,2024-06-24
1204076,COM,2024-06-02
1204076,PHY,2023-06-14
1781914,BIO,2022-01-15
1781914,CHE,2022-12-07
1396124,COM,2023-08-25
1126666,ENG,2023-06-23
1312274,COM,2024-12-10
1312274,PHY,2024-01-16
1447470,PHI,2025-07-19
1447470,ENG,2024-12-09
1203838,ENG,2025-06-25
1203838,PHY,2023-01-17
1095120,BIO,2022-01-07
1602982,ENG,2024-05-25
1508829,COM,2023-06-27
1508829,PHY,2025-08-02
1125327,PHI,2022-05-22
1125327,ENG,2025-12-01
1131819,PHY,2025-01-13
1054236,CHE,2022-07-27
1869195,COM,2025-06-05
1745427,ENG,2024-07-14
1745427,PHY,2024-07-02
1326439,COM,2023-05-03
1326439,PHY,2024-01-22
1672438,COM,2025-08-14
1129935,PHY,2024-01-06
1903017,BIO,2025-07-22
1903017,CHE,2022-05-14
1504157,COM,2023-08-07
1504157,PHY,2023-05-03
1452977,HIS,2025-08-27
1942656,BIO,2024-06-16
1942656,CHE,2023-05-18
1115110,PHY,2025-06-16
1115110,ENG,2025-12-24
1167126,PHI,2022-07-24
1167126,ENG,2023-08-15
1117282,PHY,2024-01-06
1117282,ENG,2025-05-07
1844782,ENG,2024-05-05
1466216,HIS,2023-08-20
1466216,ENG,2025-08-16
1470854,BIO,2025-01-17
1470854,CHE,2023-08-02
1990548,HIS,2025-12-17
1487664,BIO,2024-05-18
1487664,CHE,2024-06-22
1607570,CHE,2023-01-03
1581945,PHI,2025-06-10
1581945,ENGL,2025-07-06
1292731,ENGL,2022-01-20
1292731,HIS,2022-07-22
1407861,COM,2023-12-08
1174693,ENGL,2024-01-23
1902691,ENG,2022-01-21
1523603,HIS,2023-08-22
1523603,ENG,2024-05-19
1384749,ENG,2025-12-24
1384749,PHY,2022-07-22
1229325,HIS,2023-12-08
1899079,PHY,2023-05-27
1393614,COM,2023-08-24
1533428,ENG,2023-12-18
1533428,PHY,2023-01-26
1261992,HIS,2023-01-18
1261992,PHI,2022-08-13
1952634,PHY,2023-07-10
1593990,COM,2023-12-23
1709674,HIS,2022-06-27
1709674,PHI,2024-06-23
1600094,COM,2024-06-12
1803003,PHI,2024-01-17
1803003,ENGL,2024-01-05
1091799,COM,2024-05-09
1744421,ENGL,2022-06-06
1744421,PHI,2025-06-15
1726581,ENGL,2023-06-28
1726581,HIS,2023-12-22
1169471,PHI,2022-01-11
1169471,ENG,2025-12-08
1854510,BIO,2023-01-03
1854510,CHE,2025-05-09
1634813,COM,2024-08-27
1634813,PHY,2022-06-17
1047153,COM,2025-01-16
1224458,COM,2022-07-03
1427790,PHY,2024-05-14
1323469,COM,2025-12-19
1354469,HIS,2025-08-02
1354469,ENG,2022-06-06
1636612,ENG,2023-05-01
1927933,BIO,2025-06-16
1927933,CHE,2025-01-19
1493144,ENGL,2023-08-08
1257339,ENGL,2023-06-01
1257339,HIS,2022-08-14
1542020,BIO,2025-05-08
1542020,CHE,2024-01-05
1204970,BIO,2023-12-16
1995576,PHY,2024-08-04
1995576,COM,2023-01-25
1726564,ENGL,2022-12-04
1726564,HIS,2025-06-19
1621397,COM,2022-07-07
1621397,PHY,2023-07-24
1077727,ENGL,2023-05-12
1449060,ENGL,2025-01-12
1449060,PHI,2025-01-26
1925980,PHY,2023-12-03
1925980,ENG,2022-08-25
1872153,CHE,2022-08-10
1872153,BIO,2022-12-28
1120543,BIO,2025-12-22
1120543,CHE,2024-08-25
1520604,PHY,2024-06-18
1520604,COM,2025-08-12
1001710,BIO,2024-01-03
1132988,ENGL,2023-01-11
1862522,COM,2024-07-04
1179044,CHE,2022-07-11
1727108,PHI,2022-08-11
1727108,ENG,2024-07-16
1012628,PHI,2025-12-03
1012628,ENGL,2024-05-04
1786378,ENG,2022-05-27
1908412,BIO,2025-08-26
1908412,CHE,2023-05-07
1679603,COM,2022-12-10
1679603,PHY,2024-01-02
1484389,ENGL,2023-05-10
1088280,BIO,2025-07-25
1088280,CHE,2025-07-12
1437515,BIO,2022-06-12
1787970,CHE,2024-05-19
1787970,BIO,2025-07-04
1621742,ENGL,2024-05-04
1621742,HIS,2023-05-07
1967491,PHY,2022-01-02
1967491,COM,2022-08-28
1737514,COM,2022-12-26
1258075,ENGL,2025-01-03
1637496,PHY,2023-05-22
1637496,ENG,2022-07-26
1125012,PHY,2023-06-24
1125012,ENG,2022-06-27
1776734,CHE,2023-01-12
1453765,PHI,2022-06-04
1453765,ENG,2023-07-06
1074222,HIS,2025-07-25
1687549,PHI,2025-12-14
1687549,ENG,2023-12-03
1464590,BIO,2022-07-12
1461008,HIS,2022-06-28
1461008,PHI,2024-01-06
1272308,BIO,2024-07-20
1272308,CHE,2025-06-10
1902891,PHI,2025-07-08
1251409,COM,2025-07-05
1251409,PHY,2025-12-02
1100628,PHY,2024-06-03
1994828,ENG,2024-01-18
1994828,PHY,2022-05-22
1325463,ENGL,2022-07-22
1757492,ENG,2022-12-17
1846420,BIO,2022-12-22
1343624,PHY,2024-05-07
1319560,COM,2024-05-22
1319560,PHY,2025-01-22
1033010,ENG,2024-07-17
1033010,PHY,2024-12-05
1140472,CHE,2025-01-09
1140472,BIO,2024-01-25
1820632,HIS,2024-12-27
1820632,PHI,2025-08-05
1944738,CHE,2023-07-28
1944738,BIO,2023-01-28
1822148,ENG,2023-07-20
1507735,PHY,2022-01-21
1333420,PHI,2025-06-26
1333420,ENG,2022-01-22
1739101,PHI,2023-01-02
1604405,PHY,2022-07-08
1151830,ENG,2023-07-25
1713915,PHY,2025-01-19
1115512,ENGL,2023-08-12
1475342,COM,2023-07-17
1475342,PHY,2024-05-17
1386436,CHE,2022-01-24
1316048,PHY,2022-01-03
1316048,COM,2022-08-24
1787636,ENG,2023-07-26
1787636,PHY,2023-07-03
1908896,COM,2023-06-03
1908896,PHY,2025-01-21
1108780,CHE,2022-08-06
1654143,ENG,2025-08-03
1654143,PHY,2024-01-03
1404368,COM,2022-01-01
1799492,ENGL,2022-12-26
1789264,ENG,2024-08-25
1789264,PHY,2025-07-19
1316785,ENGL,2022-06-16
1769193,COM,2025-01-16
1930488,COM,2022-05-14
1863747,ENGL,2024-07-02
1327111,ENG,2022-07-26
1457495,ENGL,2023-01-05
1497220,ENGL,2025-12-22
1959843,ENGL,2022-01-05
1959843,PHI,2024-07-21
1794790,COM,2023-12-26
1794790,PHY,2022-12-26
1373776,PHY,2022-05-02
1620407,BIO,2022-06-18
1620407,CHE,2025-01-12
1835550,PHY,2025-05-10
1071415,ENGL,2023-12-05
1114381,ENGL,2023-08-23
1114381,HIS,2022-08-17
1224443,ENG,2025-06-06
1224443,PHY,2022-12-13
1021122,PHI,2023-07-19
1396901,ENGL,2022-07-13
1396901,HIS,2023-07-20
1051941,CHE,2022-12-03
1051941,BIO,2023-01-03
1120111,PHY,2022-07-22
1002178,BIO,2025-12-21
1002178,CHE,2023-05-21
1517167,COM,2022-05-19
1449005,HIS,2022-07-24
1602162,ENGL,2025-08-23
1817374,ENG,2022-12-05
1817374,PHY,2024-06-11
1796240,ENG,2023-06-18
1796240,PHY,2024-07-20
1160798,HIS,2025-06-04
1160798,ENG,2025-05-07
1735541,COM,2025-01-20
1150143,COM,2022-01-20
1975938,COM,2022-05-03
1975938,PHY,2023-01-03
1773176,ENG,2024-07-12
1305521,ENG,2025-12-09
1031685,COM,2025-07-24
1015654,COM,2024-05-15
1660489,PHY,2023-05-05
1267496,PHY,2023-07-27
1733836,COM,2024-06-21
1733836,PHY,2022-12-18
1243703,PHI,2023-07-05
1819363,ENG,2022-06-01
1582600,ENG,2023-07-25
1651189,COM,2022-12-28
1651189,PHY,2025-07-17
1952855,HIS,2024-06-26
1952855,ENG,2023-08-03
1919575,PHI,2022-12-01
1602490,COM,2022-06-04
1602490,PHY,2022-06-08
1299794,ENG,2024-01-27
1541067,COM,2024-06-26
1541067,PHY,2023-07-08
1678477,BIO,2025-05-01
1397716,COM,2024-05-25
1447005,CHE,2023-07-09
1447005,BIO,2024-06-22
1207756,CHE,2023-12-05
1207756,BIO,2022-08-17
1556029,PHI,2025-01-27
1973008,CHE,2023-07-28
1973008,BIO,2022-07-12
1632444,CHE,2024-07-14
1644671,ENG,2022-06-01
1644671,PHY,2023-08-19
1185009,COM,2022-08-16
1185009,PHY,2025-01-09
1326992,CHE,2022-07-20
1948817,PHY,2024-12-27
1948817,ENG,2023-05-07
1979279,BIO,2022-01-22
1979279,CHE,2024-07-24
1161584,ENGL,2023-01-04
1597707,COM,2022-07-17
1186804,ENG,2023-12-20
1430409,PHY,2024-07-05
1042230,ENGL,2024-06-05
1042230,HIS,2024-06-15
1385540,HIS,2025-08-05
1320065,PHI,2024-12-12
1888411,PHY,2022-08-13
1888411,COM,2025-08-16
1070504,ENG,2024-07-26
1480897,BIO,2025-01-25
1352774,COM,2022-07-03
1721974,PHY,2025-07-07
1721974,ENG,2025-07-05
1835512,HIS,2023-06-25
1447416,HIS,2024-12-21
1623720,PHI,2025-08-12
1276542,PHY,2024-12-18
1276542,COM,2023-01-01
1762564,COM,2024-08-19
1168707,COM,2023-12-06
1232560,COM,2022-05-01
1247636,HIS,2024-05-04
1914144,PHI,2023-05-28
1914144,ENG,2023-01-14
1395263,PHI,2023-06-07
1395263,ENG,2023-08-02
1850293,ENG,2022-06-17
1850293,PHY,2023-12-23
1868423,COM,2025-08-21
1088993,CHE,2023-01-21
1088993,BIO,2023-06-12
1976881,COM,2022-12-20
1976881,PHY,2022-05-25
1707771,HIS,2022-12-19
1707771,ENG,2023-06-25
1988017,PHI,2023-07-23
1240312,ENGL,2022-01-11
1240312,PHI,2025-12-06
1418999,HIS,2022-08-19
1418999,ENG,2025-07-20
1299392,ENGL,2024-06-19
1299392,HIS,2024-08-24
1384625,BIO,2024-06-04
1384625,CHE,2025-08-19
1906764,ENGL,2025-12-04
1906764,HIS,2025-01-11
1196472,COM,2024-06-27
1196472,PHY,2022-07-08
1295264,ENGL,2025-01-09
1295264,HIS,2023-06-24
1722077,ENGL,2023-08-06
1722077,PHI,2024-06-19
1526549,PHY,2023-06-04
1526549,COM,2025-05-03
1267856,ENG,2024-06-01
1267856,PHY,2023-01-10
1353141,PHY,2024-05-18
1816654,BIO,2022-01-03
1816654,CHE,2024-06-26
1474449,COM,2022-07-03
1916022,ENG,2022-05-05
1819209,PHY,2025-06-18
1819209,ENG,2022-08-06
1289713,PHY,2022-08-13
1377662,COM,2023-05-17
1416712,ENG,2024-06-03
1179136,HIS,2023-06-09
1136929,COM,2025-07-18
1136929,PHY,2022-05-04
1843461,BIO,2022-07-09
1843461,CHE,2022-01-16
1259343,ENG,2022-01-24
1250464,HIS,2023-12-21
1250464,ENGL,2025-12-27
1559208,HIS,2022-06-24
1394859,PHI,2025-01-28
1394859,ENG,2023-01-26
1354208,PHI,2022-08-11
1632180,HIS,2024-08-24
1632180,ENG,2023-01-12
1113603,PHY,2024-08-15
1113603,COM,2024-05-10
1355055,PHY,2025-08-06
1355055,COM,2024-01-24
1180720,PHY,2025-08-26
1870583,CHE,2025-01-24
1528851,PHY,2023-06-07
1207041,PHY,2022-07-21
1207041,COM,2023-05-01
1965996,PHY,2025-07-04
1965996,ENG,2025-12-22
1176564,COM,2022-06-26
1176564,PHY,2022-01-18
1953960,ENG,2023-05-18
1249961,ENG,2023-12-13
1249961,PHY,2023-12-01
1330224,COM,2024-05-13
1873412,PHY,2022-05-19
1158751,COM,2024-07-03
1662048,CHE,2024-07-25
1477423,ENGL,2025-06-18
1519562,PHY,2022-06-02
1785048,HIS,2025-01-13
1018549,COM,2025-08-18
1652160,PHI,2023-08-15
1652160,ENG,2023-01-15
1750358,ENGL,2023-01-27
1580173,PHY,2023-08-11
1949211,BIO,2022-05-13
1949211,CHE,2023-12-28
1126462,ENGL,2025-01-28
1696815,COM,2022-06-22
1384901,ENG,2024-06-13
1619983,COM,2022-06-23
1619983,PHY,2024-12-27
1849855,PHI,2022-05-25
1849855,ENGL,2025-05-23
1062066,PHY,2023-12-23
1094988,BIO,2022-12-14
1094988,CHE,2024-01-12
1861872,ENGL,2023-05-16
1378532,CHE,2023-01-14
1378532,BIO,2023-06-22
1539887,ENG,2022-01-15
1575914,PHI,2024-05-03
1575914,ENGL,2022-07-01
1092051,ENG,2023-06-21
1283591,ENG,2025-06-28
1283591,PHY,2023-01-18
1173092,ENG,2025-01-20
1173092,PHY,2022-01-17
1887895,HIS,2024-12-17
1887895,ENG,2025-07-22
1949889,BIO,2025-01-05
1514579,PHI,2023-05-08
1514579,ENGL,2024-12-05
1503703,ENG,2025-06-13
1503703,PHY,2024-06-04
1598743,HIS,2023-07-20
1598743,ENGL,2023-06-09
1706517,PHI,2024-01-26
1421421,PHY,2022-08-23
1156514,BIO,2024-07-15
1156514,CHE,2025-05-27
1535422,BIO,2022-06-28
1535422,CHE,2024-05-15
1930110,PHI,2023-01-19
1180317,BIO,2023-01-02
1303386,HIS,2024-01-07
1303386,ENG,2022-08-11
1563416,CHE,2022-07-26
1563416,BIO,2023-08-10
1715307,ENG,2024-08-10
1902519,PHI,2024-05-08
1902519,ENGL,2022-08-09
1295268,PHY,2025-05-11
1744956,CHE,2024-08-07
1744956,BIO,2024-12-28
1801258,CHE,2024-12-02
1736647,ENG,2025-06-24
1478961,BIO,2024-12-05
1828271,COM,2025-08-12
1318421,COM,2025-05-04
1339871,HIS,2023-06-11
1460673,BIO,2025-06-21
1999681,CHE,2023-08-20
1538422,COM,2023-07-16
1538422,PHY,2022-06-23
1699675,COM,2025-08-16
1727639,COM,2022-08-14
1548459,COM,2025-12-11
1190731,PHI,2022-06-23
1360602,PHY,2025-08-20
1360602,COM,2022-05-08
1490448,BIO,2022-12-27
1490448,CHE,2024-08-13
1585199,COM,2023-12-04
1585199,PHY,2024-06-07
1011821,BIO,2025-12-01
1011821,CHE,2022-12-17
1904775,PHY,2022-08-08
1557603,CHE,2022-07-21
1557603,BIO,2022-08-14
1330323,BIO,2025-12-21
1330323,CHE,2023-07-11
1117235,COM,2023-05-05
1115258,ENG,2023-01-15
1986122,ENG,2024-12-20
1753603,BIO,2025-06-06
1753603,CHE,2023-05-03
1189305,PHI,2023-01-15
1189305,ENGL,2022-08-14
1729662,ENG,2022-07-11
1791166,COM,2024-06-04
1791166,PHY,2024-08-12
1472170,COM,2022-12-18
1116612,COM,2023-06-02
1116612,PHY,2024-05-07
1009010,PHI,2023-06-23
1020954,CHE,2022-07-23
1907068,BIO,2025-05-10
1907068,CHE,2022-05-15
1404772,COM,2023-01-18
1404772,PHY,2023-06-12
1453038,HIS,2025-12-04
1531841,HIS,2024-01-06
1363310,PHY,2023-07-20
1363310,COM,2022-07-06
1156832,BIO,2023-12-01
1156832,CHE,2024-07-11
1405432,ENG,2023-08-07
1405432,PHY,2025-01-12
1148543,ENG,2024-06-19
1148543,PHY,2025-07-11
1960040,PHY,2025-06-02
1710580,PHI,2025-05-16
1710580,ENG,2022-08-04
1951378,PHI,2023-05-18
1667209,PHY,2023-06-07
1667209,ENG,2023-01-02
1466495,PHY,2025-06-13
1466495,ENG,2023-05-20
1577840,HIS,2025-01-21
1577840,ENG,2023-07-28
1002244,CHE,2025-12-27
1718302,COM,2023-12-03
1718302,PHY,2024-07-07
1063103,ENGL,2022-06-13
1063103,HIS,2022-12-20
1560437,ENGL,2022-07-06
1560437,PHI,2023-01-03
1310375,PHI,2023-12-18
1259543,ENG,2024-05-08
1259543,PHY,2022-06-12
1823749,HIS,2025-07-23
1656072,PHY,2022-05-02
1315831,COM,2025-08-09
1948497,CHE,2024-06-17
1948497,BIO,2024-06-07
1162745,CHE,2024-07-16
1162745,BIO,2025-01-26
1769743,PHI,2025-05-19
1769743,ENG,2025-08-26
1585853,PHY,2023-12-02
1585853,COM,2025-08-01
1280875,ENGL,2022-07-21
1280875,HIS,2022-05-11
1167450,BIO,2023-07-09
1167450,CHE,2025-01-15
1792083,BIO,2023-01-07
1924674,PHI,2025-07-27
1317174,ENG,2022-01-16
1856148,PHI,2022-08-22
1856148,ENG,2022-12-23
1774945,BIO,2023-06-21
1525630,ENG,2023-12-17
1307984,ENG,2025-08-09
1307984,PHY,2024-05-21
1353859,COM,2024-06-12
1512205,PHY,2023-12-20
1512205,COM,2024-08-26
1178330,BIO,2022-05-22
1178330,CHE,2023-06-04
1484697,PHI,2025-01-16
1484697,ENG,2024-01-10
1805511,BIO,2025-01-21
1805511,CHE,2022-08-27
1471097,CHE,2025-05-04
1471097,BIO,2024-06-20
1535128,COM,2024-07-28
1535128,PHY,2024-06-26
1202662,ENGL,2025-07-01
1085573,COM,2022-07-16
1085573,PHY,2022-06-08
1530160,PHY,2023-12-18
1298814,BIO,2025-01-17
1946508,PHY,2024-06-04
1517403,ENGL,2024-08-19
1517403,HIS,2022-05-24
1666009,PHI,2024-06-18
1093964,COM,2022-01-22
1977087,PHI,2025-08-23
1977087,ENG,2025-05-03
1339528,CHE,2025-05-27
1796134,PHY,2022-12-12
1427502,HIS,2022-12-16
1794782,BIO,2022-01-02
1794782,CHE,2022-07-25
1847072,BIO,2024-12-06
1120946,HIS,2025-07-10
1120946,PHI,2025-06-11
1575802,PHY,2025-06-05
1575802,ENG,2022-06-21
1700353,COM,2024-01-28
1700353,PHY,2024-05-28
1426449,PHY,2022-06-17
1108606,PHY,2024-08-25
1108606,COM,2023-06-17
1509220,COM,2024-05-09
1509220,PHY,2024-05-06
1549478,PHI,2023-12-15
1320075,BIO,2023-06-12
1911796,ENGL,2024-05-18
1911796,PHI,2022-12-16
1303534,COM,2024-08-21
1384084,HIS,2022-05-16
1033985,HIS,2022-05-16
1213610,COM,2024-01-26
1724788,COM,2023-06-24
1724788,PHY,2025-01-10
1301125,ENG,2022-01-12
1009976,PHY,2022-01-27
1506238,ENGL,2023-12-20
1353066,COM,2024-01-04
1353066,PHY,2023-01-28
1609366,COM,2023-01-26
1609366,PHY,2022-01-21
1024024,ENG,2024-01-19
1024024,PHY,2023-08-28
1947850,ENGL,2022-06-23
1947850,PHI,2023-06-21
1629604,COM,2025-07-08
1629604,PHY,2025-01-09
1495167,PHY,2023-08-28
1424855,CHE,2023-07-15
1363813,ENG,2024-06-15
1301782,ENGL,2023-06-09
1501011,PHY,2022-06-16
1501011,ENG,2025-05-07
1000073,BIO,2025-07-18
1000073,CHE,2023-01-10
1953625,ENGL,2022-01-27
1953625,HIS,2023-01-03
1157626,PHY,2022-06-25
1157626,COM,2024-05-28
1556719,ENGL,2025-08-28
1256084,HIS,2023-01-05
1340626,ENGL,2025-12-18
1340626,HIS,2022-08-21
1626136,ENG,2025-05-15
1626136,PHY,2022-07-11
1479625,CHE,2023-08-24
1932140,PHI,2023-08-24
1932140,ENG,2024-12-20
1293232,PHY,2022-07-16
1517453,HIS,2022-01-27
1512337,PHI,2022-06-02
1825250,BIO,2023-08-13
1136231,COM,2025-12-25
1136231,PHY,2025-01-08
1893054,COM,2025-01-09
1525016,PHY,2024-01-26
1362906,ENG,2024-07-24
1717223,PHI,2023-12-26
1717223,ENG,2023-07-20
1805337,PHY,2023-08-16
1927912,ENGL,2025-08-23
1927912,HIS,2025-12-02
1765461,PHI,2025-07-12
1765461,ENG,2024-05-16
1728308,HIS,2024-06-16
1266828,BIO,2022-06-28
1266828,CHE,2025-06-27
1690991,COM,2025-06-09
1690991,PHY,2024-07-01
1903827,COM,2022-08-23
1903827,PHY,2024-06-12
1418809,ENGL,2025-06-26
1418809,HIS,2025-08-11
1983406,COM,2022-07-06
1983406,PHY,2025-01-18
1511524,PHY,2024-06-13
1731299,ENG,2024-05-09
1731299,PHY,2023-12-19
1732604,COM,2025-12-25
1040625,CHE,2025-12-13
1411089,COM,2023-01-20
1411089,PHY,2023-08-03
1351898,COM,2023-07-02
1128216,COM,2025-12-13
1336886,HIS,2024-08-08
1336886,PHI,2022-01-19
1006262,ENG,2024-07-20
1006262,PHY,2023-05-14
1870448,PHY,2025-12-05
1574522,COM,2022-06-04
1574522,PHY,2022-08-20
1505294,HIS,2022-07-11
1828323,ENGL,2024-05-14
1398557,CHE,2025-01-15
1398557,BIO,2022-01-05
1856509,PHY,2025-12-04
1304106,COM,2025-12-17
1304106,PHY,2022-06-18
1137520,ENG,2024-05-03
1137520,PHY,2025-07-18
1172523,PHY,2023-06-25
1587570,CHE,2023-07-20
1510271,HIS,2025-05-07
1510271,ENG,2023-08-26
1458882,PHY,2025-08-24
1842962,ENGL,2024-07-27
1842962,PHI,2023-01-17
1062338,COM,2022-12-12
1134573,COM,2025-05-26
1134573,PHY,2024-06-18
1146077,ENG,2025-05-07
1146077,PHY,2024-08-03
1798625,COM,2024-01-18
1798625,PHY,2023-07-15
1587124,ENGL,2025-01-19
1587124,PHI,2022-01-13
1107289,COM,2023-07-07
1840748,BIO,2024-07-16
1840748,CHE,2022-12-05
1288491,CHE,2024-08-24
1009428,ENG,2024-08-21
1009428,PHY,2022-07-20
1923713,BIO,2024-12-24
1923713,CHE,2022-05-19
1663321,PHY,2022-07-11
1663321,COM,2025-05-26
1909463,COM,2022-08-27
1909463,PHY,2025-12-03
1895678,COM,2025-07-19
1403823,HIS,2025-12-23
1403823,ENG,2023-01-19
1090563,ENG,2023-08-13
1570234,PHY,2025-06-04
1570234,ENG,2022-05-19
1176853,PHY,2024-06-04
1176853,COM,2024-08-25
1531825,COM,2025-01-10
1014243,PHY,2023-12-03
1729539,ENG,2024-06-24
1190934,PHI,2022-01-10
1309593,PHY,2022-05-09
1309593,COM,2025-12-19
1447832,COM,2024-05-22
1447832,PHY,2025-01-17
1264140,PHI,2025-01-03
1347919,ENGL,2023-07-12
1144671,ENG,2022-08-01
1144671,PHY,2024-01-03
1239673,ENGL,2024-01-25
1202050,COM,2024-05-02
1762373,ENGL,2024-01-06
1942257,HIS,2022-07-24
1597606,ENGL,2022-05-03
1925472,COM,2025-07-15
1858875,ENG,2024-12-12
1850156,ENGL,2023-06-22
1401680,ENGL,2022-12-09
1401680,PHI,2023-07-16
1301348,PHI,2022-07-16
1301348,ENGL,2024-08-07
1014042,BIO,2024-08-01
1384242,ENGL,2025-08-21
1027734,CHE,2022-12-05
1745118,COM,2025-08-22
1745118,PHY,2023-06-06
1994193,COM,2022-01-23
1802459,BIO,2022-08-05
1595962,BIO,2024-05-14
1595962,CHE,2024-07-12
1948773,PHI,2023-08-22
1511037,ENG,2022-05-18
1511037,PHY,2022-06-15
1559749,ENGL,2025-08-05
1559749,PHI,2025-08-27
1447840,ENGL,2025-12-23
1883117,COM,2023-06-05
1883117,PHY,2023-06-10
1175053,ENG,2024-12-02
1863481,COM,2025-12-02
1630819,PHI,2022-07-09
1630819,ENG,2024-06-14
1702758,BIO,2024-07-20
1702758,CHE,2023-05-09
1000684,COM,2023-01-28
1000684,PHY,2024-05-14
1455051,COM,2022-01-14
1453969,CHE,2025-07-25
1658199,PHI,2023-06-25
1658199,ENG,2023-05-19
1732060,ENG,2025-08-20
1732060,PHY,2025-05-08
1973151,COM,2022-07-21
1936639,CHE,2025-08-26
1481300,PHI,2023-12-25
1481300,ENG,2024-01-20
1921888,PHI,2024-12-13
1921888,ENGL,2023-05-24
1285044,BIO,2023-07-16
1285044,CHE,2022-07-02
1339607,COM,2024-07-22
1339607,PHY,2025-01-01
1161138,HIS,2023-07-09
1161138,PHI,2025-07-13
1269054,COM,2024-01-11
1854775,ENG,2025-07-11
1854775,PHY,2024-01-03
1443412,ENG,2025-08-15
1443412,PHY,2022-07-12
1487386,PHI,2024-01-05
1739607,COM,2025-12-23
1739607,PHY,2023-12-26
1614099,CHE,2024-08-07
1614099,BIO,2023-01-11
1305884,ENG,2025-06-09
1532133,PHY,2025-07-04
1532133,ENG,2024-07-14
1146546,ENG,2022-05-24
1643415,PHI,2024-07-04
1643415,ENG,2025-05-14
1766965,ENG,2025-12-02
1766965,PHY,2022-06-28
1226693,ENG,2023-01-19
1226693,PHY,2022-07-06
1625175,HIS,2022-12-16
1625175,PHI,2023-05-09
1668772,COM,2022-06-07
1059906,COM,2025-08-13
1059906,PHY,2022-01-23
1419574,ENG,2025-07-04
1419574,PHY,2023-07-16
1483380,PHY,2022-06-17
1483380,COM,2023-05-06
1722251,ENG,2024-01-13
1722251,PHY,2023-06-12
1045632,COM,2023-06-14
1045632,PHY,2025-01-18
1399746,BIO,2023-12-25
1740121,CHE,2023-05-27
1691664,ENGL,2024-06-15
1691664,HIS,2024-12-25
1333324,ENG,2024-07-19
1900443,HIS,2023-06-11
1103079,ENG,2025-08-09
1103079,PHY,2023-12-14
1824181,BIO,2025-07-21
1824181,CHE,2024-01-22
1242476,CHE,2022-08-10
1815050,ENG,2022-06-17
1815050,PHY,2022-06-15
1987727,BIO,2025-05-03
1987727,CHE,2024-12-04
1717516,PHY,2022-08-18
1961256,COM,2023-01-20
1313635,ENG,2023-08-17
1596667,HIS,2022-01-20
1000445,PHY,2023-07-03
1801795,PHY,2025-01-06
1801795,COM,2023-05-13
1585244,ENG,2022-12-05
1390327,PHY,2023-07-13
1784663,BIO,2023-07-12
1928978,ENGL,2024-01-21
1538680,ENG,2022-07-20
1428340,PHY,2025-01-23
1428340,ENG,2025-05-16
1718476,HIS,2025-07-15
1718476,ENGL,2025-06-11
1665183,ENGL,2024-05-16
1923947,CHE,2024-06-28
1692830,ENG,2023-12-21
1692830,PHY,2024-12-10
1398877,HIS,2023-01-17
1398877,ENGL,2024-06-06
1012123,ENG,2023-06-04
1012123,PHY,2024-08-16
1314176,PHY,2025-07-03
1301625,COM,2022-06-04
1893842,BIO,2022-01-24
1893842,CHE,2023-01-28
1992914,ENGL,2025-05-26
1992914,HIS,2023-08-28
1809296,PHI,2022-06-11
1496771,ENGL,2024-12-02
1496771,PHI,2023-12-21
1111133,ENGL,2023-01-02
1337458,HIS,2022-08-28
1090004,PHI,2023-08-20
1090004,ENGL,2024-07-27
1770972,BIO,2024-12-02
1770972,CHE,2023-05-27
1518679,CHE,2022-08-21
1895555,BIO,2023-06-01
1895555,CHE,2025-05-28
1948040,HIS,2023-07-23
1948040,PHI,2022-07-10
1658174,PHI,2022-08-04
1658174,ENGL,2024-01-24
1032485,PHY,2023-07-22
1603934,HIS,2025-01-13
1931479,HIS,2023-05-01
1225666,ENG,2025-08-10
1225666,PHY,2023-05-17
1468644,COM,2022-12-02
1468644,PHY,2022-05-13
1474066,PHI,2024-08-16
1330070,CHE,2024-08-02
1330070,BIO,2024-07-19
1407374,CHE,2023-12-05
1173524,HIS,2025-07-15
1173524,ENGL,2022-08-01
1769144,CHE,2024-12-20
1291628,ENGL,2022-06-13
1291628,PHI,2023-07-14
1452354,ENGL,2023-07-02
1452354,HIS,2024-01-09
1498721,HIS,2022-05-26
1498721,ENG,2023-07-10
1334237,COM,2023-06-24
1877177,COM,2023-08-11
1849859,BIO,2023-05-17
1849859,CHE,2022-01-05
1287899,PHY,2023-07-19
1287899,COM,2023-08-28
1460035,COM,2024-01-22
1526597,HIS,2023-01-23
1526597,ENGL,2022-08-17
1845550,ENGL,2022-07-11
1845550,HIS,2022-06-16
1216093,PHY,2023-05-04
1216093,ENG,2024-08-23
1648986,BIO,2023-01-24
1833967,BIO,2025-05-16
1390225,PHY,2023-07-06
1118965,PHI,2022-01-21
1033873,ENGL,2024-12-15
1523748,COM,2025-07-28
1846641,ENGL,2022-12-13
1021289,PHI,2024-05-19
1330227,ENG,2022-08-21
1330227,PHY,2025-06-09
1909832,PHY,2024-12-07
1522256,PHY,2023-06-15
1890881,ENG,2024-06-09
1868322,ENG,2022-08-01
1868322,PHY,2025-12-16
1429844,ENG,2022-07-10
1429844,PHY,2024-12-02
1705494,PHI,2025-12-13
1705494,ENGL,2023-06-01
1146626,PHY,2022-08-23
1146626,COM,2025-07-06
1278987,COM,2024-05-25
1278987,PHY,2025-12-05
1882098,ENG,2025-05-05
1882098,PHY,2022-12-23
1060172,COM,2024-05-16
1060172,PHY,2022-06-19
1424062,COM,2022-01-27
1424062,PHY,2024-07-06
1117816,PHI,2022-01-14
1117816,ENGL,2024-06-17
1181028,ENGL,2024-06-20
1251160,PHY,2024-06-13
1819948,COM,2023-07-06
1053254,COM,2022-08-24
1403318,COM,2024-01-22
1403318,PHY,2023-07-24
1306695,ENG,2024-12-07
1306695,PHY,2024-12-05
1391938,CHE,2023-07-08
1684197,PHY,2024-06-20
1561565,BIO,2023-06-11
1177222,ENG,2023-01-24
1177222,PHY,2023-07-23
1308178,CHE,2024-12-18
1181772,PHY,2023-06-18
1181772,COM,2025-08-09
1910113,BIO,2024-12-11
1603043,ENGL,2024-05-08
1603043,PHI,2022-05-24
1939215,COM,2025-01-13
1180846,COM,2022-01-04
1771706,COM,2025-05-27
1118652,PHY,2024-05-19
1881009,PHY,2024-07-21
1330955,ENGL,2024-07-25
1330955,HIS,2023-07-20
1952515,PHI,2024-01-03
1438798,COM,2024-06-20
1022999,PHI,2024-05-14
1958028,PHI,2024-08-16
1958028,ENG,2024-06-20
1092695,BIO,2024-08-21
1092695,CHE,2024-06-02
1446242,COM,2022-05-18
1446242,PHY,2022-05-23
1294478,ENGL,2025-06-20
1936298,ENGL,2025-01-15
1936298,HIS,2022-07-04
1193897,PHY,2023-05-13
1072916,PHY,2025-05-04
1781545,CHE,2023-07-25
1781545,BIO,2023-08-08
1531313,CHE,2022-07-28
1767723,BIO,2022-06-12
1335520,BIO,2022-05-07
1335520,CHE,2022-08-23
1579767,PHY,2022-01-11
1541230,CHE,2023-01-28
1513317,BIO,2023-06-11
1513317,CHE,2025-05-18
1366737,BIO,2025-08-15
1366737,CHE,2024-01-14
1584542,PHY,2023-08-08
1529364,ENG,2024-05-11
1529364,PHY,2023-08-20
1754505,ENGL,2024-01-16
1528331,COM,2022-05-17
1334416,PHY,2022-06-06
1324867,HIS,2025-05-28
1324867,ENG,2023-05-26
1854597,ENG,2025-12-19
1518645,ENGL,2022-08-07
1069353,HIS,2024-12-20
1704029,COM,2022-06-07
1704029,PHY,2024-01-04
1637933,ENGL,2024-06-10
1766791,COM,2024-01-21
1766791,PHY,2024-12-23
1156860,BIO,2023-01-14
1631477,PHY,2023-12-08
1631477,COM,2024-06-09
1173276,ENG,2022-08-25
1455035,PHI,2022-05-27
1853792,PHI,2025-01-11
1853792,ENG,2025-06-12
1411171,PHI,2024-07-10
1411171,ENGL,2022-01-15
1023568,COM,2025-01-28
1023568,PHY,2025-07-20
1888435,COM,2024-06-18
1939197,COM,2023-07-05
1866824,COM,2023-06-02
1866824,PHY,2022-05-08
1797431,HIS,2023-01-25
1797431,ENG,2024-01-16
1166801,COM,2023-12-28
1351429,BIO,2025-01-16
1351429,CHE,2022-05-23
1570416,ENG,2022-12-14
1570416,PHY,2023-07-13
1854506,COM,2022-01-28
1035482,PHI,2025-12-18
1976525,CHE,2022-05-06
1904612,HIS,2022-08-10
1904612,PHI,2023-05-12
1726484,PHI,2024-07-14
1726484,ENGL,2025-01-24
1795700,ENG,2023-07-02
1925761,PHY,2023-06-09
1705324,BIO,2023-01-16
1705324,CHE,2025-06-06
1496386,CHE,2025-07-28
1496386,BIO,2024-06-26
1701417,COM,2025-05-12
1701417,PHY,2024-07-21
1384836,ENG,2024-01-27
1384836,PHY,2022-01-05
1373987,CHE,2022-01-04
1373987,BIO,2023-07-09
1803640,HIS,2024-12-19
1879685,HIS,2022-01-09
1879685,ENGL,2025-06-07
1066486,COM,2022-12-15
1066486,PHY,2024-12-01
1781672,PHY,2023-12-09
1486911,PHY,2023-12-10
1486911,COM,2022-08-25
1059563,ENG,2023-06-28
1904323,ENG,2023-05-26
1382101,ENGL,2022-08-19
1382101,HIS,2023-08-04
1762175,ENG,2025-08-26
1762175,PHY,2022-12-10
1949558,HIS,2023-01-08
1152104,PHY,2025-01-03
1483316,ENGL,2024-07-01
1483316,HIS,2025-06-18
1617823,BIO,2024-01-24
1993850,ENG,2022-01-09
1490221,BIO,2024-01-24
1379934,PHI,2022-08-12
1741232,PHI,2024-07-12
1306108,COM,2025-01-09
1478164,CHE,2022-05-22
1378345,PHI,2022-06-09
1378345,ENGL,2022-06-16
1442217,COM,2025-12-10
1286733,ENG,2022-07-12
1550459,ENG,2024-06-01
1550459,PHY,2023-05-03
1022313,ENGL,2023-05-02
1003315,ENG,2022-12-23
1011479,ENG,2023-01-20
1011479,PHY,2024-12-14
1254456,HIS,2023-06-14
1254456,PHI,2025-05-27
1757789,ENG,2024-07-16
1139731,PHY,2022-05-14
1139731,ENG,2023-05-18
1201624,ENGL,2024-08-17
1201624,HIS,2024-07-19
1160544,PHY,2024-01-19
1160544,ENG,2022-01-19
1310432,PHY,2023-05-13
1354536,ENGL,2025-01-28
1354536,PHI,2025-06-28
1706001,ENGL,2024-12-27
1316231,ENG,2023-07-12
1316231,PHY,2023-01-06
1316186,COM,2025-01-02
1316186,PHY,2022-12-09
1377028,PHY,2022-06-12
1377028,COM,2023-05-09
1002148,COM,2022-06-20
1682901,CHE,2023-07-15
1682901,BIO,2025-05-13
1787775,HIS,2023-08-08
1787775,PHI,2022-05-19
1506401,COM,2025-06-05
1506401,PHY,2022-01-07
1020476,ENG,2023-05-14
1020476,PHY,2024-12-06
1453412,ENG,2023-08-14
1453412,PHY,2022-07-13
1898541,COM,2024-07-17
1898541,PHY,2022-05-06
1428468,ENG,2025-12-05
1713660,PHI,2023-06-10
1713660,ENGL,2025-07-03
1483697,ENG,2023-08-13
1174773,PHI,2023-08-23
1647990,ENG,2023-05-12
1647990,PHY,2022-07-23
1873543,PHI,2022-07-16
1945005,PHI,2022-01-25
1945005,ENGL,2023-06-28
1335580,HIS,2024-01-28
1727370,PHY,2024-08-05
1573692,PHY,2023-12-18
1573692,COM,2022-06-24
1402950,PHY,2024-01-09
1402950,ENG,2023-07-12
1439366,HIS,2023-07-05
1439366,ENGL,2022-05-15
1626054,ENG,2024-12-13
1278436,ENGL,2025-08-24
1278436,PHI,2025-07-04
1735757,HIS,2022-06-19
1645525,BIO,2023-01-01
1398838,HIS,2023-05-09
1704095,ENG,2023-08-20
1704095,PHY,2022-07-19
1932054,ENGL,2023-08-23
1335700,COM,2023-06-15
1708129,HIS,2024-08-27
1708129,PHI,2025-07-21
1633477,HIS,2023-06-12
1163271,COM,2022-08-02
1617141,PHY,2024-12-09
1617141,COM,2022-05-28
1128004,BIO,2023-12-03
1905771,ENG,2022-12-25
1905771,PHY,2022-01-21
1507727,BIO,2025-08-17
1927362,ENG,2025-12-15
1747276,ENGL,2023-05-09
1747276,PHI,2022-06-01
1347030,ENGL,2024-06-27
1347030,HIS,2024-01-14
1654020,PHI,2023-01-04
1654020,ENG,2025-01-09
1539202,PHY,2023-08-04
1576294,ENG,2023-05-04
1021948,PHY,2024-06-14
1021948,COM,2025-01-10
1687796,ENG,2025-08-09
1687796,PHY,2023-08-05
1020203,COM,2023-12-05
1238805,HIS,2023-05-19
1062092,HIS,2024-06-01
1814751,COM,2025-07-18
1305882,BIO,2022-12-18
1330939,COM,2025-12-21
1330939,PHY,2022-01-05
1276673,PHI,2023-05-23
1928872,HIS,2024-01-02
1928872,PHI,2025-05-13
1440136,ENG,2022-05-08
1440136,PHY,2024-07-07
1903859,ENGL,2023-01-06
1777068,ENG,2025-07-05
1777068,PHY,2022-07-24
1100666,ENGL,2024-01-07
1100666,PHI,2025-08-04
1816836,ENG,2024-01-09
1748185,PHI,2025-08-28
1748185,ENGL,2022-05-20
1217650,ENGL,2022-01-20
1217650,PHI,2022-06-17
1222819,PHY,2023-07-05
1222819,ENG,2024-06-04
1337863,HIS,2023-05-27
1337863,PHI,2023-07-02
1325776,CHE,2023-08-15
1215316,CHE,2025-06-01
1215316,BIO,2025-05-16
1301183,CHE,2023-12-24
1301183,BIO,2025-01-07
1518060,CHE,2023-12-01
1518060,BIO,2022-08-22
1032297,CHE,2023-01-24
1493748,ENGL,2023-01-11
1140583,ENG,2022-07-08
1140583,PHY,2024-12-14
1481731,ENG,2024-08-25
1481731,PHY,2024-07-25
1841980,ENG,2024-06-22
1827222,CHE,2024-05-22
1519465,COM,2024-05-13
1519465,PHY,2023-07-22
1333364,COM,2024-06-28
1333364,PHY,2025-12-13
1653426,ENG,2023-05-21
1653426,PHY,2024-01-16
1185755,PHY,2023-05-26
1209939,ENG,2022-05-12
1111669,COM,2023-12-07
1978478,ENG,2025-07-08
1978478,PHY,2025-07-16
1515325,COM,2023-06-02
1195193,PHY,2022-05-12
1195193,ENG,2023-08-09
1616751,ENGL,2025-01-06
1177816,PHY,2024-08-22
1929946,PHY,2024-06-02
1929946,ENG,2022-07-22
1754890,ENG,2025-08-28
1342667,COM,2023-08-06
1342667,PHY,2022-07-21
1968967,BIO,2024-01-10
1970099,CHE,2024-07-01
1970099,BIO,2025-01-19
1388004,PHI,2025-06-15
1133875,PHY,2024-08-26
1616877,ENG,2022-12-15
1897009,ENG,2025-01-22
1326303,ENG,2022-12-22
1326303,PHY,2024-12-04
1960763,ENG,2024-12-23
1960763,PHY,2024-08-04
1402258,ENGL,2025-06-03
1402258,HIS,2025-07-27
1864488,HIS,2024-08-20
1864488,ENGL,2024-01-14
1908423,HIS,2022-06-14
1908423,ENG,2024-12-23
1533618,COM,2024-01-27
1305340,ENGL,2023-01-08
1440814,COM,2022-12-12
1440814,PHY,2022-06-23
1139488,HIS,2023-08-20
1139488,ENGL,2023-08-05
1222079,HIS,2022-01-07
1222079,ENGL,2023-07-18
1659743,ENG,2025-01-23
1989998,PHY,2025-05-05
1989998,ENG,2022-01-15
1347250,HIS,2024-05-12
1702161,HIS,2022-07-07
1702161,PHI,2024-08-10
1116195,ENG,2024-01-22
1116195,PHY,2025-05-28
1172673,COM,2022-05-21
1543333,CHE,2023-01-07
1572072,CHE,2024-07-06
1572072,BIO,2023-08-20
1410609,ENGL,2025-05-01
1410609,HIS,2024-08-19
1229037,PHY,2023-07-22
1229037,COM,2024-07-05
1571739,HIS,2024-07-14
1571739,ENG,2025-06-06
1017388,CHE,2022-06-20
1820754,HIS,2023-07-26
1820754,PHI,2024-06-01
1993071,ENG,2023-06-19
1993071,PHY,2023-05-10
1893596,ENG,2023-07-17
1363749,HIS,2024-12-18
1363749,ENG,2025-05-16
1050366,CHE,2024-12-10
1050366,BIO,2023-12-22
1139320,PHY,2024-01-25
1307272,ENG,2023-01-15
1307272,PHY,2023-07-26
1635681,ENG,2022-12-27
1174360,CHE,2025-07-24
1074134,ENG,2024-12-22
1627873,PHI,2022-01-18
1012419,COM,2023-08-09
1012419,PHY,2024-05-07
1618439,ENG,2025-12-15
1312665,PHY,2025-01-16
1455201,ENGL,2022-12-09
1455201,HIS,2022-05-23
1392382,CHE,2025-01-27
1392382,BIO,2022-01-06
1367404,COM,2025-07-28
1367404,PHY,2022-08-09
1597364,PHI,2024-01-23
1290483,CHE,2025-05-23
1710479,BIO,2024-01-28
1710479,CHE,2022-12-04
1631521,ENG,2022-07-13
1657048,PHY,2025-12-07
1198948,BIO,2022-01-12
1870609,COM,2022-06-13
1870609,PHY,2024-06-11
1708409,PHY,2022-01-04
1619963,HIS,2025-05-16
1619963,PHI,2025-07-22
1221178,ENG,2025-06-12
1598880,CHE,2025-05-15
1598880,BIO,2024-06-21
1539296,ENG,2023-05-14
1035140,ENG,2022-01-02
1035140,PHY,2023-01-08
1320892,ENG,2023-07-09
1630920,COM,2022-05-19
1896243,BIO,2022-08-02
1028870,PHY,2022-06-09
1028870,COM,2023-06-28
1751304,HIS,2023-06-15
1784985,COM,2022-05-23
1784985,PHY,2023-07-15
1819406,ENG,2023-07-21
1819406,PHY,2023-01-17
1563769,ENGL,2023-08-27
1563769,HIS,2024-01-02
1656946,PHI,2022-08-03
1045187,ENG,2024-06-09
1658799,COM,2025-12-15
1658799,PHY,2022-07-16
1874098,ENGL,2024-06-10
1874098,HIS,2024-08-12
1617008,COM,2025-01-09
1617008,PHY,2025-07-22
1823237,COM,2023-06-03
1749179,ENG,2024-01-25
1491861,HIS,2024-05-17
1121538,COM,2024-07-18
1152259,CHE,2024-06-17
1126887,ENG,2025-07-03
1766280,PHY,2022-05-15
1761014,COM,2022-08-23
1049697,COM,2022-06-12
1049697,PHY,2025-08-07
1450456,ENGL,2024-12-22
1274554,CHE,2023-07-20
1198212,ENGL,2025-12-04
1198212,HIS,2025-01-08
1236864,ENGL,2024-05-02
1236864,HIS,2024-06-17
1126838,HIS,2024-08-03
1474006,HIS,2022-07-26
1110719,ENG,2025-01-11
1110719,PHY,2025-08-01
1028619,HIS,2025-08-14
1487732,COM,2025-06-01
1487732,PHY,2024-06-16
1007195,PHI,2024-01-01
1957735,HIS,2025-06-18
1283654,CHE,2022-12-21
1389302,HIS,2022-12-23
1389302,ENG,2024-08-23
1635004,COM,2023-12-06
1635004,PHY,2023-06-01
1793459,BIO,2022-12-20
1877226,COM,2025-12-01
1877226,PHY,2024-08-06
1923027,ENG,2022-05-01
1923027,PHY,2022-12-08
1616173,HIS,2025-01-22
1616173,ENGL,2023-08-22
1846582,PHY,2025-01-24
1487040,ENGL,2024-01-10
1068079,ENGL,2025-06-08
1054620,COM,2022-05-17
1054620,PHY,2024-05-05
1739193,CHE,2025-05-17
1739193,BIO,2022-07-05
1038541,PHY,2025-01-10
1038541,ENG,2024-12-09
1064654,PHI,2023-05-21
1064654,ENG,2025-06-22
1476020,CHE,2023-07-14
1553710,COM,2024-12-13
1063388,CHE,2022-05-28
1528515,ENG,2025-06-27
1731272,ENG,2024-08-15
1731272,PHY,2022-08-20
1026739,ENGL,2023-08-10
1026739,PHI,2025-01-19
1497064,COM,2024-05-07
1497064,PHY,2025-01-24
1215177,COM,2025-07-10
1927675,ENGL,2022-05-11
1164616,ENGL,2023-08-15
1356031,ENG,2022-05-28
1356031,PHY,2024-05-16
1391471,COM,2022-07-22
1391471,PHY,2023-06-06
1533343,ENGL,2023-06-24
1533343,PHI,2024-01-22
1384380,COM,2023-01-25
1384380,PHY,2022-01-03
1917274,HIS,2025-07-24
1979408,ENGL,2024-05-16
1664561,BIO,2022-06-13
1664561,CHE,2024-08-28
1068131,PHI,2022-06-12
1068131,ENGL,2023-01-28
1682852,BIO,2024-07-10
1237655,PHY,2025-05-15
1237655,ENG,2024-12-24
1087118,ENGL,2023-01-19
1789896,ENGL,2023-12-28
1463843,COM,2023-07-03
1463843,PHY,2025-08-08
1731349,ENG,2022-06-25
1731349,PHY,2023-08-05
1771714,ENG,2025-08-27
1451936,ENG,2024-08-10
1451936,PHY,2023-07-23
1826530,HIS,2022-06-10
1249418,ENGL,2023-06-04
1249418,PHI,2025-01-25
