student_id,year,max_credit,min_credit,total_credit_earned
1108539,3,12,4,80
1745120,1,12,4,4
1528807,1,12,4,8
1432377,3,12,4,96
1622556,2,12,4,60
1899918,4,12,4,104
1027986,2,12,4,36
1335170,4,12,4,112
1356449,4,12,4,120
1149406,2,12,4,60
1327545,4,12,4,116
1929244,1,12,4,28
1121216,2,12,4,56
1446211,4,12,4,108
1564995,4,12,4,104
1206945,2,12,4,56
1482136,1,12,4,4
1596279,2,12,4,40
1076289,4,12,4,112
1613774,0,12,4,0
1089306,1,12,4,16
1260267,2,12,4,60
1695327,2,12,4,52
1303107,4,12,4,104
1723176,3,12,4,72
1677430,1,12,4,28
1558667,3,12,4,92
1982327,1,12,4,16
1934314,2,12,4,48
1626126,1,12,4,24
1660154,1,12,4,4
1914200,1,12,4,24
1291082,4,12,4,100
1752146,1,12,4,4
1545612,4,12,4,112
1015419,3,12,4,80
1804466,1,12,4,24
1989104,1,12,4,20
1251142,3,12,4,76
1294780,1,12,4,28
1726653,1,12,4,16
1550486,4,12,4,104
1442914,3,12,4,68
1547544,4,12,4,116
1090583,3,12,4,88
1043451,1,12,4,28
1732043,1,12,4,16
1477670,3,12,4,92
1382462,1,12,4,4
1889799,2,12,4,44
1076565,2,12,4,36
1469715,3,12,4,76
1702337,2,12,4,36
1087638,1,12,4,8
1622462,4,12,4,112
1008485,1,12,4,32
1474087,2,12,4,44
1155708,1,12,4,28
1556294,4,12,4,100
1832408,1,12,4,24
1889922,3,12,4,76
1987293,3,12,4,72
1133607,4,12,4,104
1488245,3,12,4,88
1975419,3,12,4,68
1617769,2,12,4,56
1048617,1,12,4,4
1730246,2,12,4,64
1498475,4,12,4,116
1125076,1,12,4,24
1082335,4,12,4,108
1479453,2,12,4,36
1360226,1,12,4,28
1901089,3,12,4,72
1418967,4,12,4,116
1541354,2,12,4,56
1186327,1,12,4,8
1403818,1,12,4,24
1705620,3,12,4,96
1437011,4,12,4,104
1042043,2,12,4,64
1553069,1,12,4,32
1106117,3,12,4,88
1508807,1,12,4,24
1022915,4,12,4,116
1956321,3,12,4,96
1611437,2,12,4,36
1896139,1,12,4,32
1310850,3,12,4,72
1176486,1,12,4,16
1317194,3,12,4,92
1698666,1,12,4,28
1210568,3,12,4,84
1494447,3,12,4,80
1191136,3,12,4,84
1166142,2,12,4,56
1647729,3,12,4,72
1636640,3,12,4,92
1755246,2,12,4,64
1457910,0,12,4,0
1945401,2,12,4,52
1807621,4,12,4,108
1037857,1,12,4,28
1763057,3,12,4,92
1664801,0,12,4,0
1019290,3,12,4,76
1180647,2,12,4,56
1521073,2,12,4,56
1501448,3,12,4,96
1121790,4,12,4,120
1168535,4,12,4,100
1679561,2,12,4,60
1625195,2,12,4,44
1859661,1,12,4,12
1667210,2,12,4,40
1936211,1,12,4,4
1150374,3,12,4,84
1317090,2,12,4,60
1312999,0,12,4,0
1111947,2,12,4,64
1172264,4,12,4,108
1941932,3,12,4,92
1230563,1,12,4,4
1267506,1,12,4,20
1164107,1,12,4,16
1295251,3,12,4,68
1461546,2,12,4,44
1612004,0,12,4,0
1447387,2,12,4,36
1083716,3,12,4,92
1270774,2,12,4,64
1355648,2,12,4,52
1164325,2,12,4,36
1211432,2,12,4,44
1457313,4,12,4,116
1242953,1,12,4,8
1590816,1,12,4,24
1180479,2,12,4,52
1093504,4,12,4,120
1698858,4,12,4,112
1452980,2,12,4,64
1463311,3,12,4,76
1328236,3,12,4,84
1473847,4,12,4,120
1890430,4,12,4,116
1188728,1,12,4,24
1946165,2,12,4,36
1424462,3,12,4,68
1715371,4,12,4,108
1336647,4,12,4,100
1142662,4,12,4,104
1410972,3,12,4,76
1139015,1,12,4,32
1174463,3,12,4,88
1999119,1,12,4,8
1308742,3,12,4,72
1939622,2,12,4,44
1336711,2,12,4,64
1445620,2,12,4,64
1971871,1,12,4,16
1660629,3,12,4,80
1801838,1,12,4,32
1251256,3,12,4,92
1111345,2,12,4,52
1619487,1,12,4,32
1839696,4,12,4,100
1509660,3,12,4,92
1752294,3,12,4,84
1143622,3,12,4,72
1712429,2,12,4,48
1849100,1,12,4,12
1373184,2,12,4,60
1676325,3,12,4,76
1926112,3,12,4,68
1948722,1,12,4,4
1009632,3,12,4,76
1780498,3,12,4,96
1956582,1,12,4,20
1315737,2,12,4,56
1305736,1,12,4,28
1802642,2,12,4,44
1950245,3,12,4,84
1188290,1,12,4,20
1551264,3,12,4,76
1179589,3,12,4,96
1292426,4,12,4,108
1843996,3,12,4,72
1349717,1,12,4,20
1903676,3,12,4,88
1799963,2,12,4,52
1421699,2,12,4,44
1240652,4,12,4,108
1820460,1,12,4,16
1021893,4,12,4,116
1542836,3,12,4,92
1848153,1,12,4,32
1836386,1,12,4,12
1321648,1,12,4,20
1050781,2,12,4,40
1760068,3,12,4,76
1079356,3,12,4,68
1539501,1,12,4,24
1211049,1,12,4,20
1172410,3,12,4,84
1731707,1,12,4,24
1058733,2,12,4,36
1988757,1,12,4,24
1552227,4,12,4,108
1606759,1,12,4,4
1781393,1,12,4,32
1159684,1,12,4,32
1149134,2,12,4,52
1201155,1,12,4,28
1013341,4,12,4,104
1429434,1,12,4,20
1259790,2,12,4,52
1992621,2,12,4,36
1031539,3,12,4,72
1724360,4,12,4,116
1257026,2,12,4,44
1419052,2,12,4,56
1125619,2,12,4,36
1732041,4,12,4,100
1494598,2,12,4,60
1690239,3,12,4,84
1838992,3,12,4,72
1213674,2,12,4,48
1652922,3,12,4,88
1641738,1,12,4,8
1116865,3,12,4,76
1536240,4,12,4,108
1866731,2,12,4,48
1744688,2,12,4,36
1046775,1,12,4,20
1485945,4,12,4,120
1613823,1,12,4,12
1047649,1,12,4,12
1068166,4,12,4,120
1327039,4,12,4,116
1711714,2,12,4,44
1016448,4,12,4,116
1195579,2,12,4,56
1709303,1,12,4,12
1059663,3,12,4,72
1301240,3,12,4,76
1139866,1,12,4,32
1601364,3,12,4,80
1625342,2,12,4,60
1108449,1,12,4,24
1102786,1,12,4,32
1860678,2,12,4,60
1081225,2,12,4,52
1177237,2,12,4,36
1718397,4,12,4,120
1680723,4,12,4,120
1613034,4,12,4,104
1046786,2,12,4,44
1661715,4,12,4,116
1068502,0,12,4,0
1493865,3,12,4,68
1632735,4,12,4,104
1827959,2,12,4,52
1174930,4,12,4,104
1472286,4,12,4,100
1799809,2,12,4,44
1706944,4,12,4,100
1600339,2,12,4,36
1987917,4,12,4,116
1237170,4,12,4,100
1861834,3,12,4,76
1338854,1,12,4,28
1439456,1,12,4,8
1174890,1,12,4,16
1145757,4,12,4,120
1380062,3,12,4,72
1076149,3,12,4,96
1789586,1,12,4,24
1976451,2,12,4,40
1187419,2,12,4,56
1331126,2,12,4,48
1248534,1,12,4,16
1504595,1,12,4,20
1858475,3,12,4,80
1766565,3,12,4,76
1450322,3,12,4,68
1505186,1,12,4,20
1561645,1,12,4,28
1895316,2,12,4,64
1751508,2,12,4,60
1603502,2,12,4,56
1849798,4,12,4,116
1620776,3,12,4,72
1694209,1,12,4,32
1675750,3,12,4,84
1336393,3,12,4,76
1668133,0,12,4,0
1796517,4,12,4,100
1861749,3,12,4,72
1689023,4,12,4,100
1023697,2,12,4,40
1839834,2,12,4,52
1975459,2,12,4,36
1119463,0,12,4,0
1092204,2,12,4,44
1274329,4,12,4,104
1910038,4,12,4,112
1513089,1,12,4,4
1154743,1,12,4,24
1872239,2,12,4,60
1418110,1,12,4,4
1545659,1,12,4,16
1060643,4,12,4,120
1719940,4,12,4,112
1808878,1,12,4,4
1971486,2,12,4,56
1654255,1,12,4,8
1770175,3,12,4,72
1822859,2,12,4,40
1648863,1,12,4,16
1864892,4,12,4,112
1673831,4,12,4,112
1887361,4,12,4,108
1135835,4,12,4,116
1506613,2,12,4,56
1005703,4,12,4,116
1703538,1,12,4,32
1528360,3,12,4,72
1292050,1,12,4,28
1748476,1,12,4,24
1174601,2,12,4,48
1960287,4,12,4,104
1011595,4,12,4,120
1255658,0,12,4,0
1528940,2,12,4,44
1682918,2,12,4,56
1589979,3,12,4,80
1408691,1,12,4,24
1072247,3,12,4,80
1603128,2,12,4,48
1838275,2,12,4,60
1314498,3,12,4,84
1542625,3,12,4,84
1314362,1,12,4,28
1209686,4,12,4,104
1148107,3,12,4,80
1363703,2,12,4,44
1123660,4,12,4,104
1883679,1,12,4,4
1031431,2,12,4,56
1333596,3,12,4,80
1091130,3,12,4,84
1078818,1,12,4,32
1256665,2,12,4,36
1886772,1,12,4,8
1088324,1,12,4,16
1791521,4,12,4,100
1473059,1,12,4,20
1736701,2,12,4,56
1865378,0,12,4,0
1455173,2,12,4,48
1443471,1,12,4,24
1281896,1,12,4,20
1643614,2,12,4,52
1332065,3,12,4,68
1603404,4,12,4,120
1610113,2,12,4,52
1760726,2,12,4,36
1903955,1,12,4,32
1812502,4,12,4,112
1279522,2,12,4,52
1321584,3,12,4,72
1715109,1,12,4,24
1358910,3,12,4,92
1048038,1,12,4,24
1356632,3,12,4,72
1523761,3,12,4,72
1445284,1,12,4,4
1227646,4,12,4,116
1590620,1,12,4,24
1768928,4,12,4,116
1613688,1,12,4,28
1619262,0,12,4,0
1003136,1,12,4,8
1899961,1,12,4,20
1478062,3,12,4,76
1545576,2,12,4,52
1613082,1,12,4,20
1958113,1,12,4,12
1220782,3,12,4,76
1701210,3,12,4,96
1161268,3,12,4,72
1689132,2,12,4,44
1969907,0,12,4,0
1674553,3,12,4,88
1500862,1,12,4,24
1166520,3,12,4,84
1401963,2,12,4,40
1205034,2,12,4,40
1984469,2,12,4,36
1886285,4,12,4,112
1668453,1,12,4,8
1595993,1,12,4,24
1887311,2,12,4,56
1651723,4,12,4,116
1488766,2,12,4,64
1092636,4,12,4,100
1886760,2,12,4,44
1035066,4,12,4,112
1697025,1,12,4,4
1606745,1,12,4,28
1184642,3,12,4,72
1104973,3,12,4,92
1845073,2,12,4,52
1944084,4,12,4,116
1794604,2,12,4,36
1455312,1,12,4,20
1138051,2,12,4,36
1431657,2,12,4,48
1076327,3,12,4,84
1043598,2,12,4,40
1974299,2,12,4,48
1195106,4,12,4,104
1384851,4,12,4,104
1169358,1,12,4,12
1398310,1,12,4,32
1928953,3,12,4,76
1393897,3,12,4,68
1730883,2,12,4,64
1840121,2,12,4,40
1394841,2,12,4,48
1775901,4,12,4,100
1620970,4,12,4,116
1152305,2,12,4,52
1376450,2,12,4,64
1339561,3,12,4,68
1391491,1,12,4,12
1512862,3,12,4,76
1588597,1,12,4,8
1634463,4,12,4,104
1534948,1,12,4,24
1071970,3,12,4,76
1520069,2,12,4,48
1201976,1,12,4,24
1144873,0,12,4,0
1583044,3,12,4,80
1065596,3,12,4,92
1574434,2,12,4,48
1712225,1,12,4,8
1014715,1,12,4,12
1777784,4,12,4,100
1572983,2,12,4,56
1597303,3,12,4,72
1218212,3,12,4,68
1676433,3,12,4,84
1499500,3,12,4,92
1378336,2,12,4,60
1766472,3,12,4,92
1417651,1,12,4,24
1527576,3,12,4,76
1244349,2,12,4,56
1741404,4,12,4,112
1911705,1,12,4,8
1662518,3,12,4,72
1260219,2,12,4,60
1041710,4,12,4,108
1960456,3,12,4,72
1083248,2,12,4,48
1080360,2,12,4,56
1305113,4,12,4,116
1657487,1,12,4,4
1673789,4,12,4,116
1300698,3,12,4,84
1826267,2,12,4,36
1488099,2,12,4,60
1947964,1,12,4,24
1283975,3,12,4,88
1318338,4,12,4,104
1141578,1,12,4,8
1690651,4,12,4,116
1042783,2,12,4,60
1642562,3,12,4,84
1257422,4,12,4,116
1294832,4,12,4,108
1512768,2,12,4,60
1693669,1,12,4,32
1123747,1,12,4,16
1896333,4,12,4,112
1435808,3,12,4,72
1985069,3,12,4,80
1111285,4,12,4,116
1940918,2,12,4,60
1485759,2,12,4,60
1767018,1,12,4,8
1954077,4,12,4,120
1080994,4,12,4,104
1919524,3,12,4,80
1856260,0,12,4,0
1307498,4,12,4,116
1341102,3,12,4,72
1984757,4,12,4,120
1052465,3,12,4,88
1959071,2,12,4,52
1359759,4,12,4,120
1321368,2,12,4,64
1358310,2,12,4,40
1761209,3,12,4,72
1279999,1,12,4,4
1729874,1,12,4,12
1302359,1,12,4,32
1429684,4,12,4,116
1626101,2,12,4,60
1886143,3,12,4,96
1166337,4,12,4,104
1808891,2,12,4,40
1405696,3,12,4,88
1596573,4,12,4,104
1990993,1,12,4,24
1784549,4,12,4,104
1509822,3,12,4,84
1782610,3,12,4,68
1955379,3,12,4,68
1531071,4,12,4,108
1910342,1,12,4,4
1958305,4,12,4,112
1527814,1,12,4,20
1186409,1,12,4,16
1462937,1,12,4,4
1139318,1,12,4,28
1575166,4,12,4,104
1666635,0,12,4,0
1680567,2,12,4,44
1868691,2,12,4,48
1156460,4,12,4,104
1763992,2,12,4,60
1870597,2,12,4,36
1908722,3,12,4,76
1952605,2,12,4,40
1586374,1,12,4,24
1452225,4,12,4,100
1528059,3,12,4,96
1644800,1,12,4,24
1785087,3,12,4,80
1843723,1,12,4,8
1737850,2,12,4,60
1837496,2,12,4,48
1849427,1,12,4,12
1266076,2,12,4,64
1969714,2,12,4,36
1149876,1,12,4,32
1655442,0,12,4,0
1885197,2,12,4,56
1518140,2,12,4,64
1110750,2,12,4,52
1506016,4,12,4,120
1932081,1,12,4,8
1526196,3,12,4,84
1308180,3,12,4,68
1893424,3,12,4,68
1434905,0,12,4,0
1940096,3,12,4,92
1467938,1,12,4,16
1595215,1,12,4,12
1378163,1,12,4,16
1426066,3,12,4,88
1641290,1,12,4,12
1763308,1,12,4,32
1528375,3,12,4,68
1139552,1,12,4,4
1527352,2,12,4,36
1238837,4,12,4,108
1175547,1,12,4,28
1524674,0,12,4,0
1942568,3,12,4,72
1215106,2,12,4,36
1106919,1,12,4,16
1544081,4,12,4,108
1719134,3,12,4,96
1793276,4,12,4,112
1906854,3,12,4,92
1728811,3,12,4,72
1224654,1,12,4,4
1577362,3,12,4,72
1174262,4,12,4,108
1187582,1,12,4,24
1320125,1,12,4,32
1553280,2,12,4,64
1325985,2,12,4,48
1149956,1,12,4,24
1920763,3,12,4,92
1517824,2,12,4,60
1465991,4,12,4,104
1202651,1,12,4,16
1807614,1,12,4,8
1899311,1,12,4,4
1694198,3,12,4,84
1156842,1,12,4,28
1603203,2,12,4,56
1595176,2,12,4,56
1898529,3,12,4,68
1220271,1,12,4,32
1630391,3,12,4,84
1938753,1,12,4,4
1723437,4,12,4,100
1457216,4,12,4,100
1271718,3,12,4,88
1748131,0,12,4,0
1963698,3,12,4,72
1669382,4,12,4,112
1244846,4,12,4,120
1076357,3,12,4,80
1819174,2,12,4,40
1122456,3,12,4,68
1755487,3,12,4,84
1428330,3,12,4,76
1832452,0,12,4,0
1907224,3,12,4,84
1947436,2,12,4,44
1852500,4,12,4,108
1972880,4,12,4,116
1000334,2,12,4,44
1340308,4,12,4,108
1512376,4,12,4,104
1278640,4,12,4,108
1010690,4,12,4,120
1921654,4,12,4,108
1235608,4,12,4,100
1003113,1,12,4,12
1438480,1,12,4,12
1620754,2,12,4,56
1687562,2,12,4,36
1807735,1,12,4,4
1584733,1,12,4,20
1819163,4,12,4,100
1695184,3,12,4,88
1526166,1,12,4,32
1223923,3,12,4,72
1890535,3,12,4,92
1778826,3,12,4,96
1114433,3,12,4,68
1103076,4,12,4,120
1163501,1,12,4,32
1923031,3,12,4,92
1346339,2,12,4,48
1882335,1,12,4,12
1939440,4,12,4,100
1282509,4,12,4,116
1850989,2,12,4,48
1533936,2,12,4,52
1944895,1,12,4,32
1135474,2,12,4,36
1909684,2,12,4,36
1671313,3,12,4,92
1232091,3,12,4,76
1452898,3,12,4,88
1273249,1,12,4,12
1878765,1,12,4,28
1358172,1,12,4,24
1378573,3,12,4,80
1349324,4,12,4,104
1644572,2,12,4,52
1212486,4,12,4,100
1325618,1,12,4,24
1277661,4,12,4,116
1984614,1,12,4,20
1150325,2,12,4,48
1305902,3,12,4,68
1499848,4,12,4,100
1975676,3,12,4,80
1814912,2,12,4,60
1658248,2,12,4,56
1361358,4,12,4,100
1309782,3,12,4,92
1686145,4,12,4,120
1486929,2,12,4,36
1006514,1,12,4,8
1193984,3,12,4,92
1462947,4,12,4,108
1729691,4,12,4,112
1375971,4,12,4,116
1707706,4,12,4,104
1721808,1,12,4,28
1835651,1,12,4,16
1864954,1,12,4,4
1532227,0,12,4,0
1964798,2,12,4,36
1954001,4,12,4,112
1195800,4,12,4,112
1366378,2,12,4,52
1340675,3,12,4,96
1125446,4,12,4,120
1566762,3,12,4,84
1079177,2,12,4,40
1123475,3,12,4,72
1895537,3,12,4,92
1122325,1,12,4,20
1387511,3,12,4,72
1433066,3,12,4,72
1458144,2,12,4,60
1411615,1,12,4,12
1038614,4,12,4,120
1015339,3,12,4,88
1982440,3,12,4,84
1361205,2,12,4,44
1414063,2,12,4,48
1291453,2,12,4,64
1519855,1,12,4,28
1819691,1,12,4,12
1548274,2,12,4,56
1465816,2,12,4,36
1025545,3,12,4,84
1156813,1,12,4,28
1508191,3,12,4,88
1573726,1,12,4,28
1430621,3,12,4,84
1885253,2,12,4,44
1474607,2,12,4,44
1212231,2,12,4,52
1238699,3,12,4,84
1197431,1,12,4,16
1538200,4,12,4,100
1479902,3,12,4,84
1987086,1,12,4,12
1252157,2,12,4,64
1455157,1,12,4,24
1497385,3,12,4,76
1476807,3,12,4,92
1433114,1,12,4,8
1585330,4,12,4,112
1275036,1,12,4,20
1188043,1,12,4,16
1158214,3,12,4,80
1868442,2,12,4,48
1075930,2,12,4,40
1695766,1,12,4,32
1871724,4,12,4,112
1496460,1,12,4,24
1624748,4,12,4,112
1874687,3,12,4,84
1016011,1,12,4,4
1994107,2,12,4,40
1062685,2,12,4,48
1876447,2,12,4,36
1904172,4,12,4,112
1022864,2,12,4,36
1082665,3,12,4,80
1583797,2,12,4,56
1994039,1,12,4,12
1263514,1,12,4,12
1525711,2,12,4,40
1597011,3,12,4,88
1985939,1,12,4,32
1780539,3,12,4,96
1552760,1,12,4,28
1870744,0,12,4,0
1729689,2,12,4,48
1368584,3,12,4,80
1026876,3,12,4,96
1549726,1,12,4,12
1484235,4,12,4,116
1489380,1,12,4,12
1402477,3,12,4,88
1124110,2,12,4,40
1325901,4,12,4,104
1148883,3,12,4,68
1938991,4,12,4,104
1823135,1,12,4,32
1235064,2,12,4,44
1238606,4,12,4,116
1700978,2,12,4,48
1024068,4,12,4,108
1929878,3,12,4,84
1130023,1,12,4,12
1890234,1,12,4,12
1102985,3,12,4,76
1941681,2,12,4,40
1671943,4,12,4,108
1675962,1,12,4,24
1388467,1,12,4,28
1611642,2,12,4,52
1441969,4,12,4,100
1562256,3,12,4,96
1349270,1,12,4,32
1894810,3,12,4,84
1165592,1,12,4,28
1682380,2,12,4,44
1184173,2,12,4,56
1293406,4,12,4,116
1206502,1,12,4,8
1872928,1,12,4,28
1137325,3,12,4,84
1754597,3,12,4,72
1420373,2,12,4,56
1507754,2,12,4,44
1106379,2,12,4,60
1999179,2,12,4,60
1558445,3,12,4,92
1031371,3,12,4,84
1592505,2,12,4,40
1839671,4,12,4,108
1859226,3,12,4,84
1702341,2,12,4,64
1051382,3,12,4,96
1347985,1,12,4,28
1065793,2,12,4,52
1614113,1,12,4,8
1640860,1,12,4,12
1528193,2,12,4,44
1155973,0,12,4,0
1698383,3,12,4,76
1265526,4,12,4,108
1248138,4,12,4,116
1014804,0,12,4,0
1474675,3,12,4,84
1424745,4,12,4,108
1720742,0,12,4,0
1899406,3,12,4,84
1575272,4,12,4,116
1230271,4,12,4,100
1434875,3,12,4,76
1625679,4,12,4,116
1651500,1,12,4,24
1433428,4,12,4,112
1464480,1,12,4,8
1244129,4,12,4,112
1506985,3,12,4,88
1340092,2,12,4,44
1406299,1,12,4,20
1746234,1,12,4,8
1375858,3,12,4,84
1198055,2,12,4,60
1014296,4,12,4,120
1190494,1,12,4,8
1128425,1,12,4,16
1880700,3,12,4,76
1662591,4,12,4,104
1147726,3,12,4,68
1913290,1,12,4,4
1900872,2,12,4,64
1409638,3,12,4,80
1090707,4,12,4,100
1635184,2,12,4,48
1571273,3,12,4,76
1738139,3,12,4,76
1986993,3,12,4,68
1290204,2,12,4,40
1456582,1,12,4,20
1349177,3,12,4,68
1668794,3,12,4,72
1638527,3,12,4,84
1542570,2,12,4,60
1439297,2,12,4,56
1774606,3,12,4,72
1116820,3,12,4,68
1806492,2,12,4,36
1636838,3,12,4,96
1175890,1,12,4,32
1655972,3,12,4,88
1367779,1,12,4,16
1935819,2,12,4,60
1272977,2,12,4,64
1442324,2,12,4,52
1894041,2,12,4,64
1618687,3,12,4,76
1036533,4,12,4,108
1623746,3,12,4,80
1766282,3,12,4,84
1626905,3,12,4,80
1092539,2,12,4,64
1254382,1,12,4,4
1290797,2,12,4,48
1208120,2,12,4,36
1680727,2,12,4,64
1594226,2,12,4,52
1216451,3,12,4,88
1930509,4,12,4,112
1748539,3,12,4,92
1254898,3,12,4,72
1829240,1,12,4,20
1850584,1,12,4,8
1348610,1,12,4,28
1693666,2,12,4,64
1317380,1,12,4,20
1407091,3,12,4,76
1885234,4,12,4,116
1273154,3,12,4,96
1774843,2,12,4,48
1869772,1,12,4,4
1474684,3,12,4,68
1855104,4,12,4,116
1780774,4,12,4,120
1725214,3,12,4,80
1036264,4,12,4,120
1817111,1,12,4,28
1052144,2,12,4,52
1844224,3,12,4,72
1761118,1,12,4,4
1618050,2,12,4,60
1590772,3,12,4,80
1090174,4,12,4,104
1490992,1,12,4,4
1633592,1,12,4,16
1817449,2,12,4,64
1158861,3,12,4,88
1164109,4,12,4,108
1965972,2,12,4,52
1674615,3,12,4,92
1169404,1,12,4,16
1012672,1,12,4,20
1852715,2,12,4,44
1361935,1,12,4,12
1299110,0,12,4,0
1844775,3,12,4,72
1123053,4,12,4,116
1434032,3,12,4,76
1122725,1,12,4,16
1777922,1,12,4,28
1731526,4,12,4,104
1389170,1,12,4,32
1315088,3,12,4,88
1577563,1,12,4,28
1409205,2,12,4,52
1478116,1,12,4,8
1093452,3,12,4,76
1706466,2,12,4,56
1094876,2,12,4,44
1080532,3,12,4,68
1811727,1,12,4,32
1545415,2,12,4,60
1646246,2,12,4,44
1233487,3,12,4,72
1692420,3,12,4,72
1523884,3,12,4,88
1133690,3,12,4,84
1128905,3,12,4,72
1472345,1,12,4,28
1663613,1,12,4,16
1455096,4,12,4,112
1319523,4,12,4,120
1115557,3,12,4,80
1980136,3,12,4,96
1193631,1,12,4,16
1184599,4,12,4,120
1199751,2,12,4,40
1100033,1,12,4,12
1181906,3,12,4,80
1871643,2,12,4,48
1396276,4,12,4,104
1144085,4,12,4,112
1595240,1,12,4,32
1760456,1,12,4,12
1473068,3,12,4,80
1930479,4,12,4,108
1656636,2,12,4,48
1377700,2,12,4,56
1426758,1,12,4,12
1782076,3,12,4,88
1893109,3,12,4,92
1321885,4,12,4,120
1789736,2,12,4,44
1882510,1,12,4,28
1913826,4,12,4,104
1959186,2,12,4,56
1074656,1,12,4,20
1288422,3,12,4,72
1078796,1,12,4,20
1476368,4,12,4,120
1486306,1,12,4,28
1061140,2,12,4,52
1476763,2,12,4,36
1170061,3,12,4,96
1116058,2,12,4,48
1441023,3,12,4,76
1986632,2,12,4,60
1807902,2,12,4,40
1554781,4,12,4,108
1120876,3,12,4,88
1711695,2,12,4,40
1693250,0,12,4,0
1619824,4,12,4,108
1037157,4,12,4,120
1372825,2,12,4,60
1669572,1,12,4,20
1190158,3,12,4,68
1459534,1,12,4,28
1208474,3,12,4,80
1583170,4,12,4,112
1550870,3,12,4,76
1424777,2,12,4,36
1106015,3,12,4,76
1101763,4,12,4,100
1176195,2,12,4,64
1411789,3,12,4,96
1220815,2,12,4,56
1374832,4,12,4,108
1199974,1,12,4,8
1773350,4,12,4,116
1462382,1,12,4,32
1388039,2,12,4,48
1469040,1,12,4,28
1616937,4,12,4,108
1387459,1,12,4,20
1243065,2,12,4,48
1569238,3,12,4,76
1340520,1,12,4,28
1734462,4,12,4,120
1704350,4,12,4,120
1444746,1,12,4,32
1772908,3,12,4,88
1818953,2,12,4,48
1323147,3,12,4,76
1229451,1,12,4,24
1865977,4,12,4,116
1410233,3,12,4,92
1141632,1,12,4,32
1593903,4,12,4,116
1517483,2,12,4,44
1525829,1,12,4,8
1984955,2,12,4,40
1177525,3,12,4,96
1594248,0,12,4,0
1016314,3,12,4,68
1592950,2,12,4,56
1365470,3,12,4,92
1989575,1,12,4,16
1539569,1,12,4,12
1389063,1,12,4,20
1098062,1,12,4,8
1021533,4,12,4,116
1891491,3,12,4,88
1049300,1,12,4,8
1251516,2,12,4,52
1605710,1,12,4,20
1705698,0,12,4,0
1068164,4,12,4,108
1712420,1,12,4,4
1041918,1,12,4,32
1768979,1,12,4,8
1801072,4,12,4,108
1981077,3,12,4,68
1554185,2,12,4,36
1210514,3,12,4,92
1761941,1,12,4,12
1637248,4,12,4,120
1914794,3,12,4,92
1204076,1,12,4,8
1781914,2,12,4,48
1396124,1,12,4,8
1126666,2,12,4,64
1312274,1,12,4,8
1447470,2,12,4,48
1203838,2,12,4,52
1095120,4,12,4,112
1602982,3,12,4,80
1508829,3,12,4,96
1125327,3,12,4,84
1131819,2,12,4,44
1054236,2,12,4,52
1869195,4,12,4,116
1745427,2,12,4,36
1326439,4,12,4,108
1672438,4,12,4,108
1129935,1,12,4,20
1903017,2,12,4,40
1504157,3,12,4,92
1452977,4,12,4,112
1942656,4,12,4,108
1115110,4,12,4,120
1167126,1,12,4,32
1117282,2,12,4,64
1844782,3,12,4,88
1466216,2,12,4,44
1470854,1,12,4,32
1990548,1,12,4,20
1487664,3,12,4,92
1607570,4,12,4,100
1581945,1,12,4,12
1292731,2,12,4,60
1407861,2,12,4,52
1174693,3,12,4,92
1902691,1,12,4,32
1523603,1,12,4,4
1384749,2,12,4,44
1229325,3,12,4,96
1899079,2,12,4,52
1393614,1,12,4,16
1533428,3,12,4,72
1261992,3,12,4,84
1952634,3,12,4,76
1593990,1,12,4,4
1709674,1,12,4,24
1600094,2,12,4,40
1803003,3,12,4,88
1091799,3,12,4,72
1744421,1,12,4,32
1726581,1,12,4,12
1169471,1,12,4,28
1854510,3,12,4,76
1634813,3,12,4,96
1047153,1,12,4,24
1224458,1,12,4,8
1427790,3,12,4,84
1323469,3,12,4,68
1354469,1,12,4,20
1636612,1,12,4,24
1927933,1,12,4,12
1493144,4,12,4,116
1257339,4,12,4,120
1542020,1,12,4,32
1204970,2,12,4,64
1995576,0,12,4,0
1726564,0,12,4,0
1621397,4,12,4,116
1077727,4,12,4,104
1449060,3,12,4,80
1925980,4,12,4,120
1872153,1,12,4,24
1120543,4,12,4,120
1520604,0,12,4,0
1001710,1,12,4,4
1132988,3,12,4,84
1862522,3,12,4,76
1179044,2,12,4,56
1727108,3,12,4,76
1012628,4,12,4,120
1786378,3,12,4,96
1908412,4,12,4,104
1679603,2,12,4,52
1484389,1,12,4,20
1088280,4,12,4,100
1437515,2,12,4,48
1787970,1,12,4,32
1621742,1,12,4,8
1967491,3,12,4,80
1737514,1,12,4,12
1258075,4,12,4,116
1637496,2,12,4,44
1125012,3,12,4,84
1776734,4,12,4,112
1453765,4,12,4,100
1074222,1,12,4,24
1687549,2,12,4,44
1464590,3,12,4,68
1461008,4,12,4,120
1272308,3,12,4,80
1902891,1,12,4,12
1251409,0,12,4,0
1100628,2,12,4,36
1994828,1,12,4,12
1325463,4,12,4,112
1757492,1,12,4,24
1846420,3,12,4,84
1343624,2,12,4,36
1319560,2,12,4,52
1033010,3,12,4,76
1140472,1,12,4,8
1820632,1,12,4,12
1944738,1,12,4,32
1822148,2,12,4,52
1507735,4,12,4,120
1333420,3,12,4,80
1739101,1,12,4,12
1604405,0,12,4,0
1151830,3,12,4,76
1713915,1,12,4,12
1115512,1,12,4,28
1475342,4,12,4,116
1386436,3,12,4,76
1316048,1,12,4,32
1787636,3,12,4,76
1908896,4,12,4,100
1108780,2,12,4,52
1654143,3,12,4,96
1404368,4,12,4,112
1799492,3,12,4,68
1789264,1,12,4,28
1316785,2,12,4,56
1769193,1,12,4,4
1930488,2,12,4,64
1863747,2,12,4,56
1327111,1,12,4,20
1457495,1,12,4,20
1497220,4,12,4,108
1959843,4,12,4,108
1794790,1,12,4,16
1373776,3,12,4,76
1620407,1,12,4,4
1835550,4,12,4,108
1071415,0,12,4,0
1114381,4,12,4,104
1224443,2,12,4,40
1021122,1,12,4,24
1396901,0,12,4,0
1051941,1,12,4,12
1120111,3,12,4,84
1002178,3,12,4,92
1517167,1,12,4,20
1449005,1,12,4,8
1602162,1,12,4,32
1817374,3,12,4,76
1796240,2,12,4,60
1160798,3,12,4,92
1735541,3,12,4,96
1150143,2,12,4,56
1975938,4,12,4,104
1773176,4,12,4,112
1305521,3,12,4,84
1031685,4,12,4,120
1015654,3,12,4,84
1660489,4,12,4,116
1267496,4,12,4,108
1733836,1,12,4,28
1243703,3,12,4,84
1819363,2,12,4,48
1582600,2,12,4,64
1651189,4,12,4,104
1952855,4,12,4,112
1919575,2,12,4,56
1602490,0,12,4,0
1299794,1,12,4,12
1541067,3,12,4,68
1678477,2,12,4,56
1397716,4,12,4,112
1447005,4,12,4,116
1207756,2,12,4,60
1556029,3,12,4,92
1973008,4,12,4,108
1632444,2,12,4,36
1644671,1,12,4,20
1185009,1,12,4,20
1326992,2,12,4,52
1948817,0,12,4,0
1979279,0,12,4,0
1161584,0,12,4,0
1597707,2,12,4,36
1186804,1,12,4,24
1430409,1,12,4,8
1042230,1,12,4,24
1385540,2,12,4,36
1320065,1,12,4,4
1888411,1,12,4,20
1070504,1,12,4,4
1480897,1,12,4,16
1352774,0,12,4,0
1721974,3,12,4,68
1835512,4,12,4,100
1447416,1,12,4,4
1623720,3,12,4,80
1276542,2,12,4,56
1762564,2,12,4,44
1168707,4,12,4,104
1232560,3,12,4,92
1247636,4,12,4,108
1914144,3,12,4,84
1395263,0,12,4,0
1850293,1,12,4,4
1868423,2,12,4,48
1088993,3,12,4,96
1976881,1,12,4,24
1707771,1,12,4,24
1988017,3,12,4,84
1240312,4,12,4,116
1418999,4,12,4,120
1299392,2,12,4,52
1384625,1,12,4,4
1906764,3,12,4,72
1196472,4,12,4,100
1295264,3,12,4,96
1722077,3,12,4,80
1526549,2,12,4,44
1267856,3,12,4,76
1353141,1,12,4,32
1816654,1,12,4,4
1474449,3,12,4,68
1916022,2,12,4,60
1819209,0,12,4,0
1289713,3,12,4,76
1377662,4,12,4,116
1416712,1,12,4,32
1179136,3,12,4,76
1136929,3,12,4,72
1843461,2,12,4,40
1259343,2,12,4,52
1250464,4,12,4,112
1559208,2,12,4,36
1394859,3,12,4,88
1354208,3,12,4,76
1632180,2,12,4,36
1113603,1,12,4,12
1355055,2,12,4,44
1180720,3,12,4,92
1870583,1,12,4,4
1528851,4,12,4,100
1207041,3,12,4,88
1965996,1,12,4,12
1176564,3,12,4,72
1953960,3,12,4,96
1249961,2,12,4,36
1330224,3,12,4,80
1873412,4,12,4,112
1158751,3,12,4,68
1662048,4,12,4,108
1477423,4,12,4,120
1519562,4,12,4,100
1785048,1,12,4,28
1018549,1,12,4,20
1652160,4,12,4,104
1750358,2,12,4,40
1580173,1,12,4,24
1949211,1,12,4,20
1126462,1,12,4,24
1696815,3,12,4,76
1384901,1,12,4,28
1619983,4,12,4,108
1849855,3,12,4,88
1062066,2,12,4,40
1094988,2,12,4,40
1861872,2,12,4,40
1378532,0,12,4,0
1539887,0,12,4,0
1575914,0,12,4,0
1092051,1,12,4,12
1283591,1,12,4,16
1173092,2,12,4,64
1887895,2,12,4,48
1949889,1,12,4,12
1514579,2,12,4,64
1503703,2,12,4,64
1598743,4,12,4,112
1706517,1,12,4,28
1421421,2,12,4,60
1156514,3,12,4,84
1535422,2,12,4,56
1930110,3,12,4,80
1180317,1,12,4,32
1303386,2,12,4,48
1563416,2,12,4,52
1715307,1,12,4,8
1902519,3,12,4,92
1295268,4,12,4,116
1744956,2,12,4,56
1801258,3,12,4,84
1736647,4,12,4,104
1478961,3,12,4,76
1828271,2,12,4,56
1318421,2,12,4,60
1339871,4,12,4,108
1460673,3,12,4,92
1999681,2,12,4,60
1538422,2,12,4,60
1699675,1,12,4,20
1727639,2,12,4,44
1548459,3,12,4,92
1190731,3,12,4,96
1360602,4,12,4,108
1490448,0,12,4,0
1585199,1,12,4,8
1011821,2,12,4,52
1904775,1,12,4,20
1557603,4,12,4,120
1330323,4,12,4,120
1117235,2,12,4,64
1115258,3,12,4,72
1986122,4,12,4,112
1753603,1,12,4,24
1189305,3,12,4,96
1729662,4,12,4,116
1791166,1,12,4,8
1472170,4,12,4,112
1116612,1,12,4,20
1009010,3,12,4,84
1020954,3,12,4,84
1907068,3,12,4,84
1404772,1,12,4,32
1453038,3,12,4,84
1531841,4,12,4,112
1363310,3,12,4,96
1156832,2,12,4,56
1405432,1,12,4,4
1148543,1,12,4,20
1960040,4,12,4,116
1710580,4,12,4,104
1951378,3,12,4,92
1667209,1,12,4,16
1466495,2,12,4,60
1577840,3,12,4,76
1002244,2,12,4,44
1718302,2,12,4,64
1063103,4,12,4,116
1560437,2,12,4,44
1310375,2,12,4,52
1259543,3,12,4,68
1823749,4,12,4,100
1656072,4,12,4,112
1315831,2,12,4,56
1948497,3,12,4,72
1162745,1,12,4,24
1769743,4,12,4,104
1585853,0,12,4,0
1280875,1,12,4,20
1167450,3,12,4,88
