student_id,student_type
1108539,Fulltime
1745120,Fulltime
1528807,Parttime
1432377,Fulltime
1622556,Fulltime
1899918,Fulltime
1027986,Fulltime
1335170,Parttime
1356449,Fulltime
1149406,Fulltime
1327545,Fulltime
1929244,Parttime
1121216,Fulltime
1446211,Parttime
1564995,Fulltime
1206945,Fulltime
1482136,Fulltime
1596279,Fulltime
1076289,Fulltime
1613774,Fulltime
1089306,Fulltime
1260267,Fulltime
1695327,Fulltime
1303107,Fulltime
1723176,Fulltime
1677430,Fulltime
1558667,Fulltime
1982327,Fulltime
1934314,Fulltime
1626126,Fulltime
1660154,Fulltime
1914200,Parttime
1291082,Fulltime
1752146,Fulltime
1545612,Fulltime
1015419,Fulltime
1804466,Fulltime
1989104,Fulltime
1251142,Parttime
1294780,Fulltime
1726653,Fulltime
1550486,Fulltime
1442914,Fulltime
1547544,Fulltime
1090583,Parttime
1043451,Parttime
1732043,Fulltime
1477670,Fulltime
1382462,Fulltime
1889799,Fulltime
1076565,Fulltime
1469715,Fulltime
1702337,Parttime
1087638,Fulltime
1622462,Fulltime
1008485,Fulltime
1474087,Fulltime
1155708,Fulltime
1556294,Fulltime
1832408,Fulltime
1889922,Fulltime
1987293,Fulltime
1133607,Fulltime
1488245,Fulltime
1975419,Fulltime
1617769,Parttime
1048617,Fulltime
1730246,Fulltime
1498475,Fulltime
1125076,Parttime
1082335,Fulltime
1479453,Fulltime
1360226,Fulltime
1901089,Fulltime
1418967,Fulltime
1541354,Fulltime
1186327,Fulltime
1403818,Fulltime
1705620,Fulltime
1437011,Parttime
1042043,Fulltime
1553069,Fulltime
1106117,Fulltime
1508807,Fulltime
1022915,Parttime
1956321,Fulltime
1611437,Fulltime
1896139,Fulltime
1310850,Parttime
1176486,Fulltime
1317194,Fulltime
1698666,Fulltime
1210568,Parttime
1494447,Parttime
1191136,Fulltime
1166142,Fulltime
1647729,Parttime
1636640,Fulltime
1755246,Fulltime
1457910,Fulltime
1945401,Parttime
1807621,Parttime
1037857,Parttime
1763057,Fulltime
1664801,Parttime
1019290,Fulltime
1180647,Parttime
1521073,Fulltime
1501448,Fulltime
1121790,Fulltime
1168535,Fulltime
1679561,Fulltime
1625195,Fulltime
1859661,Fulltime
1667210,Fulltime
1936211,Fulltime
1150374,Fulltime
1317090,Parttime
1312999,Fulltime
1111947,Fulltime
1172264,Fulltime
1941932,Fulltime
1230563,Fulltime
1267506,Fulltime
1164107,Fulltime
1295251,Fulltime
1461546,Fulltime
1612004,Fulltime
1447387,Parttime
1083716,Fulltime
1270774,Fulltime
1355648,Fulltime
1164325,Parttime
1211432,Fulltime
1457313,Fulltime
1242953,Fulltime
1590816,Fulltime
1180479,Fulltime
1093504,Parttime
1698858,Fulltime
1452980,Fulltime
1463311,Fulltime
1328236,Fulltime
1473847,Fulltime
1890430,Parttime
1188728,Fulltime
1946165,Fulltime
1424462,Fulltime
1715371,Parttime
1336647,Fulltime
1142662,Parttime
1410972,Fulltime
1139015,Fulltime
1174463,Fulltime
1999119,Fulltime
1308742,Parttime
1939622,Fulltime
1336711,Parttime
1445620,Fulltime
1971871,Fulltime
1660629,Fulltime
1801838,Fulltime
1251256,Parttime
1111345,Fulltime
1619487,Fulltime
1839696,Parttime
1509660,Fulltime
1752294,Fulltime
1143622,Fulltime
1712429,Fulltime
1849100,Fulltime
1373184,Parttime
1676325,Parttime
1926112,Parttime
1948722,Parttime
1009632,Fulltime
1780498,Fulltime
1956582,Parttime
1315737,Fulltime
1305736,Fulltime
1802642,Fulltime
1950245,Parttime
1188290,Fulltime
1551264,Fulltime
1179589,Fulltime
1292426,Parttime
1843996,Fulltime
1349717,Fulltime
1903676,Fulltime
1799963,Fulltime
1421699,Fulltime
1240652,Fulltime
1820460,Parttime
1021893,Fulltime
1542836,Parttime
1848153,Fulltime
1836386,Fulltime
1321648,Fulltime
1050781,Fulltime
1760068,Fulltime
1079356,Parttime
1539501,Parttime
1211049,Fulltime
1172410,Fulltime
1731707,Fulltime
1058733,Fulltime
1988757,Fulltime
1552227,Fulltime
1606759,Fulltime
1781393,Fulltime
1159684,Fulltime
1149134,Fulltime
1201155,Fulltime
1013341,Fulltime
1429434,Fulltime
1259790,Fulltime
1992621,Fulltime
1031539,Fulltime
1724360,Fulltime
1257026,Parttime
1419052,Fulltime
1125619,Parttime
1732041,Fulltime
1494598,Fulltime
1690239,Parttime
1838992,Fulltime
1213674,Parttime
1652922,Fulltime
1641738,Fulltime
1116865,Parttime
1536240,Fulltime
1866731,Fulltime
1744688,Fulltime
1046775,Fulltime
1485945,Fulltime
1613823,Fulltime
1047649,Fulltime
1068166,Fulltime
1327039,Parttime
1711714,Fulltime
1016448,Fulltime
1195579,Fulltime
1709303,Parttime
1059663,Fulltime
1301240,Fulltime
1139866,Fulltime
1601364,Fulltime
1625342,Fulltime
1108449,Fulltime
1102786,Fulltime
1860678,Fulltime
1081225,Parttime
1177237,Fulltime
1718397,Fulltime
1680723,Fulltime
1613034,Fulltime
1046786,Fulltime
1661715,Fulltime
1068502,Fulltime
1493865,Fulltime
1632735,Fulltime
1827959,Fulltime
1174930,Fulltime
1472286,Parttime
1799809,Fulltime
1706944,Parttime
1600339,Parttime
1987917,Fulltime
1237170,Fulltime
1861834,Fulltime
1338854,Fulltime
1439456,Fulltime
1174890,Fulltime
1145757,Fulltime
1380062,Fulltime
1076149,Fulltime
1789586,Fulltime
1976451,Parttime
1187419,Parttime
1331126,Parttime
1248534,Fulltime
1504595,Fulltime
1858475,Parttime
1766565,Fulltime
1450322,Parttime
1505186,Fulltime
1561645,Fulltime
1895316,Fulltime
1751508,Parttime
1603502,Fulltime
1849798,Fulltime
1620776,Parttime
1694209,Fulltime
1675750,Fulltime
1336393,Fulltime
1668133,Fulltime
1796517,Fulltime
1861749,Fulltime
1689023,Parttime
1023697,Parttime
1839834,Fulltime
1975459,Fulltime
1119463,Parttime
1092204,Parttime
1274329,Fulltime
1910038,Parttime
1513089,Fulltime
1154743,Fulltime
1872239,Fulltime
1418110,Parttime
1545659,Parttime
1060643,Fulltime
1719940,Fulltime
1808878,Fulltime
1971486,Fulltime
1654255,Fulltime
1770175,Fulltime
1822859,Fulltime
1648863,Parttime
1864892,Parttime
1673831,Parttime
1887361,Fulltime
1135835,Parttime
1506613,Fulltime
1005703,Fulltime
1703538,Fulltime
1528360,Fulltime
1292050,Fulltime
1748476,Fulltime
1174601,Fulltime
1960287,Parttime
1011595,Parttime
1255658,Fulltime
1528940,Parttime
1682918,Fulltime
1589979,Fulltime
1408691,Parttime
1072247,Fulltime
1603128,Fulltime
1838275,Fulltime
1314498,Parttime
1542625,Fulltime
1314362,Fulltime
1209686,Fulltime
1148107,Fulltime
1363703,Fulltime
1123660,Fulltime
1883679,Fulltime
1031431,Fulltime
1333596,Fulltime
1091130,Fulltime
1078818,Fulltime
1256665,Fulltime
1886772,Fulltime
1088324,Fulltime
1791521,Fulltime
1473059,Fulltime
1736701,Fulltime
1865378,Fulltime
1455173,Parttime
1443471,Parttime
1281896,Parttime
1643614,Fulltime
1332065,Fulltime
1603404,Fulltime
1610113,Parttime
1760726,Fulltime
1903955,Fulltime
1812502,Fulltime
1279522,Fulltime
1321584,Fulltime
1715109,Fulltime
1358910,Fulltime
1048038,Fulltime
1356632,Fulltime
1523761,Fulltime
1445284,Fulltime
1227646,Fulltime
1590620,Parttime
1768928,Parttime
1613688,Fulltime
1619262,Fulltime
1003136,Parttime
1899961,Fulltime
1478062,Fulltime
1545576,Fulltime
1613082,Fulltime
1958113,Fulltime
1220782,Parttime
1701210,Parttime
1161268,Parttime
1689132,Fulltime
1969907,Fulltime
1674553,Fulltime
1500862,Fulltime
1166520,Parttime
1401963,Fulltime
1205034,Fulltime
1984469,Parttime
1886285,Fulltime
1668453,Fulltime
1595993,Fulltime
1887311,Fulltime
1651723,Parttime
1488766,Fulltime
1092636,Fulltime
1886760,Parttime
1035066,Fulltime
1697025,Fulltime
1606745,Fulltime
1184642,Fulltime
1104973,Parttime
1845073,Fulltime
1944084,Fulltime
1794604,Fulltime
1455312,Fulltime
1138051,Fulltime
1431657,Parttime
1076327,Fulltime
1043598,Fulltime
1974299,Parttime
1195106,Fulltime
1384851,Fulltime
1169358,Parttime
1398310,Parttime
1928953,Fulltime
1393897,Fulltime
1730883,Fulltime
1840121,Parttime
1394841,Fulltime
1775901,Parttime
1620970,Fulltime
1152305,Parttime
1376450,Fulltime
1339561,Fulltime
1391491,Fulltime
1512862,Parttime
1588597,Fulltime
1634463,Fulltime
1534948,Fulltime
1071970,Fulltime
1520069,Fulltime
1201976,Fulltime
1144873,Fulltime
1583044,Fulltime
1065596,Fulltime
1574434,Fulltime
1712225,Fulltime
1014715,Fulltime
1777784,Fulltime
1572983,Fulltime
1597303,Fulltime
1218212,Fulltime
1676433,Fulltime
1499500,Fulltime
1378336,Fulltime
1766472,Fulltime
1417651,Fulltime
1527576,Parttime
1244349,Fulltime
1741404,Fulltime
1911705,Fulltime
1662518,Fulltime
1260219,Fulltime
1041710,Parttime
1960456,Fulltime
1083248,Parttime
1080360,Fulltime
1305113,Fulltime
1657487,Fulltime
1673789,Fulltime
1300698,Fulltime
1826267,Parttime
1488099,Fulltime
1947964,Fulltime
1283975,Fulltime
1318338,Fulltime
1141578,Fulltime
1690651,Fulltime
1042783,Fulltime
1642562,Fulltime
1257422,Fulltime
1294832,Fulltime
1512768,Fulltime
1693669,Fulltime
1123747,Fulltime
1896333,Fulltime
1435808,Fulltime
1985069,Parttime
1111285,Fulltime
1940918,Fulltime
1485759,Fulltime
1767018,Fulltime
1954077,Fulltime
1080994,Fulltime
1919524,Parttime
1856260,Fulltime
1307498,Fulltime
1341102,Fulltime
1984757,Parttime
1052465,Fulltime
1959071,Fulltime
1359759,Fulltime
1321368,Fulltime
1358310,Parttime
1761209,Fulltime
1279999,Fulltime
1729874,Parttime
1302359,Fulltime
1429684,Fulltime
1626101,Fulltime
1886143,Parttime
1166337,Fulltime
1808891,Parttime
1405696,Fulltime
1596573,Parttime
1990993,Parttime
1784549,Fulltime
1509822,Fulltime
1782610,Fulltime
1955379,Fulltime
1531071,Fulltime
1910342,Parttime
1958305,Fulltime
1527814,Fulltime
1186409,Fulltime
1462937,Fulltime
1139318,Fulltime
1575166,Fulltime
1666635,Parttime
1680567,Fulltime
1868691,Fulltime
1156460,Parttime
1763992,Fulltime
1870597,Parttime
1908722,Fulltime
1952605,Fulltime
1586374,Fulltime
1452225,Fulltime
1528059,Fulltime
1644800,Parttime
1785087,Fulltime
1843723,Fulltime
1737850,Parttime
1837496,Fulltime
1849427,Fulltime
1266076,Fulltime
1969714,Parttime
1149876,Fulltime
1655442,Fulltime
1885197,Parttime
1518140,Fulltime
1110750,Fulltime
1506016,Fulltime
1932081,Fulltime
1526196,Fulltime
1308180,Fulltime
1893424,Fulltime
1434905,Parttime
1940096,Fulltime
1467938,Fulltime
1595215,Fulltime
1378163,Fulltime
1426066,Fulltime
1641290,Fulltime
1763308,Fulltime
1528375,Fulltime
1139552,Fulltime
1527352,Fulltime
1238837,Parttime
1175547,Fulltime
1524674,Fulltime
1942568,Fulltime
1215106,Fulltime
1106919,Fulltime
1544081,Parttime
1719134,Fulltime
1793276,Parttime
1906854,Parttime
1728811,Fulltime
1224654,Parttime
1577362,Parttime
1174262,Parttime
1187582,Fulltime
1320125,Fulltime
1553280,Fulltime
1325985,Fulltime
1149956,Fulltime
1920763,Fulltime
1517824,Fulltime
1465991,Fulltime
1202651,Fulltime
1807614,Parttime
1899311,Fulltime
1694198,Fulltime
1156842,Fulltime
1603203,Fulltime
1595176,Fulltime
1898529,Parttime
1220271,Fulltime
1630391,Fulltime
1938753,Fulltime
1723437,Fulltime
1457216,Fulltime
1271718,Parttime
1748131,Fulltime
1963698,Fulltime
1669382,Fulltime
1244846,Parttime
1076357,Parttime
1819174,Fulltime
1122456,Fulltime
1755487,Fulltime
1428330,Fulltime
1832452,Fulltime
1907224,Fulltime
1947436,Parttime
1852500,Fulltime
1972880,Fulltime
1000334,Fulltime
1340308,Fulltime
1512376,Parttime
1278640,Fulltime
1010690,Fulltime
1921654,Fulltime
1235608,Fulltime
1003113,Parttime
1438480,Fulltime
1620754,Fulltime
1687562,Fulltime
1807735,Fulltime
1584733,Fulltime
1819163,Fulltime
1695184,Fulltime
1526166,Fulltime
1223923,Fulltime
1890535,Fulltime
1778826,Fulltime
1114433,Fulltime
1103076,Fulltime
1163501,Parttime
1923031,Parttime
1346339,Fulltime
1882335,Fulltime
1939440,Fulltime
1282509,Fulltime
1850989,Parttime
1533936,Fulltime
1944895,Parttime
1135474,Fulltime
1909684,Fulltime
1671313,Fulltime
1232091,Fulltime
1452898,Fulltime
1273249,Fulltime
1878765,Fulltime
1358172,Parttime
1378573,Parttime
1349324,Fulltime
1644572,Fulltime
1212486,Fulltime
1325618,Fulltime
1277661,Fulltime
1984614,Fulltime
1150325,Fulltime
1305902,Fulltime
1499848,Fulltime
1975676,Fulltime
1814912,Fulltime
1658248,Fulltime
1361358,Fulltime
1309782,Parttime
1686145,Parttime
1486929,Fulltime
1006514,Fulltime
1193984,Fulltime
1462947,Fulltime
1729691,Fulltime
1375971,Fulltime
1707706,Fulltime
1721808,Fulltime
1835651,Fulltime
1864954,Parttime
1532227,Fulltime
1964798,Parttime
1954001,Fulltime
1195800,Parttime
1366378,Fulltime
1340675,Parttime
1125446,Fulltime
1566762,Fulltime
1079177,Fulltime
1123475,Fulltime
1895537,Fulltime
1122325,Fulltime
1387511,Fulltime
1433066,Parttime
1458144,Fulltime
1411615,Fulltime
1038614,Parttime
1015339,Fulltime
1982440,Fulltime
1361205,Fulltime
1414063,Parttime
1291453,Parttime
1519855,Fulltime
1819691,Fulltime
1548274,Fulltime
1465816,Fulltime
1025545,Fulltime
1156813,Fulltime
1508191,Fulltime
1573726,Fulltime
1430621,Fulltime
1885253,Fulltime
1474607,Parttime
1212231,Parttime
1238699,Parttime
1197431,Fulltime
1538200,Fulltime
1479902,Fulltime
1987086,Fulltime
1252157,Fulltime
1455157,Parttime
1497385,Fulltime
1476807,Fulltime
1433114,Parttime
1585330,Parttime
1275036,Parttime
1188043,Parttime
1158214,Fulltime
1868442,Fulltime
1075930,Fulltime
1695766,Fulltime
1871724,Parttime
1496460,Fulltime
1624748,Fulltime
1874687,Parttime
1016011,Fulltime
1994107,Fulltime
1062685,Fulltime
1876447,Fulltime
1904172,Fulltime
1022864,Fulltime
1082665,Fulltime
1583797,Fulltime
1994039,Fulltime
1263514,Parttime
1525711,Fulltime
1597011,Fulltime
1985939,Fulltime
1780539,Fulltime
1552760,Fulltime
1870744,Parttime
1729689,Fulltime
1368584,Fulltime
1026876,Fulltime
1549726,Fulltime
1484235,Fulltime
1489380,Fulltime
1402477,Fulltime
1124110,Fulltime
1325901,Parttime
1148883,Fulltime
1938991,Fulltime
1823135,Fulltime
1235064,Parttime
1238606,Fulltime
1700978,Parttime
1024068,Fulltime
1929878,Fulltime
1130023,Fulltime
1890234,Fulltime
1102985,Fulltime
1941681,Fulltime
1671943,Fulltime
1675962,Parttime
1388467,Fulltime
1611642,Fulltime
1441969,Fulltime
1562256,Fulltime
1349270,Fulltime
1894810,Fulltime
1165592,Fulltime
1682380,Fulltime
1184173,Fulltime
1293406,Parttime
1206502,Parttime
1872928,Fulltime
1137325,Fulltime
1754597,Fulltime
1420373,Parttime
1507754,Fulltime
1106379,Fulltime
1999179,Fulltime
1558445,Fulltime
1031371,Parttime
1592505,Fulltime
1839671,Fulltime
1859226,Fulltime
1702341,Fulltime
1051382,Fulltime
1347985,Fulltime
1065793,Parttime
1614113,Fulltime
1640860,Parttime
1528193,Fulltime
1155973,Fulltime
1698383,Fulltime
1265526,Fulltime
1248138,Parttime
1014804,Parttime
1474675,Fulltime
1424745,Fulltime
1720742,Fulltime
1899406,Fulltime
1575272,Fulltime
1230271,Fulltime
1434875,Fulltime
1625679,Fulltime
1651500,Fulltime
1433428,Fulltime
1464480,Fulltime
1244129,Fulltime
1506985,Fulltime
1340092,Fulltime
1406299,Fulltime
1746234,Fulltime
1375858,Fulltime
1198055,Fulltime
1014296,Fulltime
1190494,Fulltime
1128425,Fulltime
1880700,Fulltime
1662591,Fulltime
1147726,Fulltime
1913290,Fulltime
1900872,Fulltime
1409638,Fulltime
1090707,Fulltime
1635184,Fulltime
1571273,Fulltime
1738139,Fulltime
1986993,Fulltime
1290204,Fulltime
1456582,Fulltime
1349177,Fulltime
1668794,Parttime
1638527,Parttime
1542570,Parttime
1439297,Fulltime
1774606,Fulltime
1116820,Parttime
1806492,Fulltime
1636838,Parttime
1175890,Fulltime
1655972,Fulltime
1367779,Parttime
1935819,Fulltime
1272977,Fulltime
1442324,Fulltime
1894041,Fulltime
1618687,Fulltime
1036533,Fulltime
1623746,Fulltime
1766282,Parttime
1626905,Fulltime
1092539,Fulltime
1254382,Fulltime
1290797,Fulltime
1208120,Parttime
1680727,Fulltime
1594226,Parttime
1216451,Fulltime
1930509,Fulltime
1748539,Fulltime
1254898,Parttime
1829240,Fulltime
1850584,Fulltime
1348610,Fulltime
1693666,Fulltime
1317380,Fulltime
1407091,Parttime
1885234,Fulltime
1273154,Fulltime
1774843,Parttime
1869772,Fulltime
1474684,Fulltime
1855104,Parttime
1780774,Fulltime
1725214,Fulltime
1036264,Fulltime
1817111,Fulltime
1052144,Parttime
1844224,Fulltime
1761118,Fulltime
1618050,Fulltime
1590772,Fulltime
1090174,Fulltime
1490992,Fulltime
1633592,Fulltime
1817449,Fulltime
1158861,Fulltime
1164109,Fulltime
1965972,Fulltime
1674615,Fulltime
1169404,Fulltime
1012672,Fulltime
1852715,Fulltime
1361935,Fulltime
1299110,Fulltime
1844775,Fulltime
1123053,Fulltime
1434032,Fulltime
1122725,Fulltime
1777922,Parttime
1731526,Parttime
1389170,Fulltime
1315088,Fulltime
1577563,Fulltime
1409205,Parttime
1478116,Parttime
1093452,Fulltime
1706466,Fulltime
1094876,Fulltime
1080532,Fulltime
1811727,Fulltime
1545415,Fulltime
1646246,Fulltime
1233487,Parttime
1692420,Fulltime
1523884,Parttime
1133690,Fulltime
1128905,Parttime
1472345,Parttime
1663613,Fulltime
1455096,Fulltime
1319523,Parttime
1115557,Fulltime
1980136,Fulltime
1193631,Fulltime
1184599,Parttime
1199751,Parttime
1100033,Parttime
1181906,Fulltime
1871643,Fulltime
1396276,Fulltime
1144085,Parttime
1595240,Fulltime
1760456,Fulltime
1473068,Fulltime
1930479,Parttime
1656636,Fulltime
1377700,Parttime
1426758,Fulltime
1782076,Fulltime
1893109,Fulltime
1321885,Fulltime
1789736,Fulltime
1882510,Fulltime
1913826,Fulltime
1959186,Fulltime
1074656,Fulltime
1288422,Fulltime
1078796,Fulltime
1476368,Parttime
1486306,Fulltime
1061140,Fulltime
1476763,Fulltime
1170061,Parttime
1116058,Fulltime
1441023,Fulltime
1986632,Fulltime
1807902,Fulltime
1554781,Fulltime
1120876,Fulltime
1711695,Fulltime
1693250,Fulltime
1619824,Fulltime
1037157,Fulltime
1372825,Fulltime
1669572,Parttime
1190158,Fulltime
1459534,Fulltime
1208474,Fulltime
1583170,Parttime
1550870,Fulltime
1424777,Fulltime
1106015,Parttime
1101763,Fulltime
1176195,Fulltime
1411789,Fulltime
1220815,Fulltime
1374832,Parttime
1199974,Parttime
1773350,Fulltime
1462382,Fulltime
1388039,Fulltime
1469040,Fulltime
1616937,Fulltime
1387459,Fulltime
1243065,Parttime
1569238,Parttime
1340520,Fulltime
1734462,Fulltime
1704350,Fulltime
1444746,Fulltime
1772908,Parttime
1818953,Fulltime
1323147,Fulltime
1229451,Fulltime
1865977,Fulltime
1410233,Fulltime
1141632,Fulltime
1593903,Parttime
1517483,Fulltime
1525829,Parttime
1984955,Parttime
1177525,Fulltime
1594248,Fulltime
1016314,Fulltime
1592950,Fulltime
1365470,Fulltime
1989575,Fulltime
1539569,Fulltime
1389063,Parttime
1098062,Fulltime
1021533,Fulltime
1891491,Fulltime
1049300,Parttime
1251516,Fulltime
1605710,Fulltime
1705698,Parttime
1068164,Fulltime
1712420,Fulltime
1041918,Fulltime
1768979,Fulltime
1801072,Fulltime
1981077,Parttime
1554185,Fulltime
1210514,Fulltime
1761941,Fulltime
1637248,Fulltime
1914794,Fulltime
1204076,Fulltime
1781914,Fulltime
1396124,Fulltime
1126666,Fulltime
1312274,Parttime
1447470,Fulltime
1203838,Parttime
1095120,Fulltime
1602982,Fulltime
1508829,Fulltime
1125327,Fulltime
1131819,Fulltime
1054236,Fulltime
1869195,Fulltime
1745427,Fulltime
1326439,Fulltime
1672438,Fulltime
1129935,Fulltime
1903017,Fulltime
1504157,Fulltime
1452977,Fulltime
1942656,Fulltime
1115110,Fulltime
1167126,Parttime
1117282,Fulltime
1844782,Parttime
1466216,Fulltime
1470854,Fulltime
1990548,Fulltime
1487664,Fulltime
1607570,Fulltime
1581945,Parttime
1292731,Fulltime
1407861,Fulltime
1174693,Fulltime
1902691,Fulltime
1523603,Fulltime
1384749,Parttime
1229325,Fulltime
1899079,Parttime
1393614,Fulltime
1533428,Fulltime
1261992,Fulltime
1952634,Fulltime
1593990,Fulltime
1709674,Fulltime
1600094,Parttime
1803003,Fulltime
1091799,Fulltime
1744421,Fulltime
1726581,Fulltime
1169471,Fulltime
1854510,Fulltime
1634813,Fulltime
1047153,Parttime
1224458,Fulltime
1427790,Fulltime
1323469,Fulltime
1354469,Parttime
1636612,Fulltime
1927933,Fulltime
1493144,Fulltime
1257339,Fulltime
1542020,Parttime
1204970,Fulltime
1995576,Fulltime
1726564,Fulltime
1621397,Fulltime
1077727,Fulltime
1449060,Fulltime
1925980,Fulltime
1872153,Fulltime
1120543,Parttime
1520604,Parttime
1001710,Parttime
1132988,Parttime
1862522,Fulltime
1179044,Fulltime
1727108,Fulltime
1012628,Fulltime
1786378,Fulltime
1908412,Fulltime
1679603,Fulltime
1484389,Fulltime
1088280,Fulltime
1437515,Fulltime
1787970,Fulltime
1621742,Fulltime
1967491,Fulltime
1737514,Fulltime
1258075,Fulltime
1637496,Parttime
1125012,Fulltime
1776734,Fulltime
1453765,Parttime
1074222,Parttime
1687549,Parttime
1464590,Fulltime
1461008,Fulltime
1272308,Fulltime
1902891,Parttime
1251409,Fulltime
1100628,Fulltime
1994828,Fulltime
1325463,Fulltime
1757492,Fulltime
1846420,Fulltime
1343624,Fulltime
1319560,Fulltime
1033010,Fulltime
1140472,Fulltime
1820632,Fulltime
1944738,Fulltime
1822148,Fulltime
1507735,Fulltime
1333420,Fulltime
1739101,Fulltime
1604405,Fulltime
1151830,Fulltime
1713915,Parttime
1115512,Fulltime
1475342,Fulltime
1386436,Fulltime
1316048,Fulltime
1787636,Fulltime
1908896,Fulltime
1108780,Fulltime
1654143,Fulltime
1404368,Fulltime
1799492,Fulltime
1789264,Parttime
1316785,Fulltime
1769193,Fulltime
1930488,Fulltime
1863747,Fulltime
1327111,Fulltime
1457495,Fulltime
1497220,Fulltime
1959843,Parttime
1794790,Fulltime
1373776,Fulltime
1620407,Fulltime
1835550,Fulltime
1071415,Parttime
1114381,Fulltime
1224443,Fulltime
1021122,Fulltime
1396901,Fulltime
1051941,Fulltime
1120111,Fulltime
1002178,Parttime
1517167,Fulltime
1449005,Fulltime
1602162,Fulltime
1817374,Fulltime
1796240,Fulltime
1160798,Parttime
1735541,Parttime
1150143,Parttime
1975938,Fulltime
1773176,Fulltime
1305521,Fulltime
1031685,Fulltime
1015654,Fulltime
1660489,Fulltime
1267496,Fulltime
1733836,Fulltime
1243703,Fulltime
1819363,Parttime
1582600,Fulltime
1651189,Fulltime
1952855,Parttime
1919575,Fulltime
1602490,Fulltime
1299794,Fulltime
1541067,Fulltime
1678477,Fulltime
1397716,Fulltime
1447005,Fulltime
1207756,Fulltime
1556029,Parttime
1973008,Fulltime
1632444,Fulltime
1644671,Parttime
1185009,Fulltime
1326992,Fulltime
1948817,Fulltime
1979279,Fulltime
1161584,Fulltime
1597707,Fulltime
1186804,Fulltime
1430409,Fulltime
1042230,Fulltime
1385540,Fulltime
1320065,Fulltime
1888411,Fulltime
1070504,Parttime
1480897,Fulltime
1352774,Fulltime
1721974,Fulltime
1835512,Parttime
1447416,Fulltime
1623720,Fulltime
1276542,Parttime
1762564,Parttime
1168707,Fulltime
1232560,Fulltime
1247636,Fulltime
1914144,Fulltime
1395263,Fulltime
1850293,Fulltime
1868423,Fulltime
1088993,Fulltime
1976881,Fulltime
1707771,Fulltime
1988017,Parttime
1240312,Fulltime
1418999,Fulltime
1299392,Fulltime
1384625,Fulltime
1906764,Fulltime
1196472,Parttime
1295264,Fulltime
1722077,Fulltime
1526549,Fulltime
1267856,Fulltime
1353141,Fulltime
1816654,Fulltime
1474449,Fulltime
1916022,Parttime
1819209,Fulltime
1289713,Fulltime
1377662,Fulltime
1416712,Fulltime
1179136,Parttime
1136929,Fulltime
1843461,Fulltime
1259343,Fulltime
1250464,Fulltime
1559208,Fulltime
1394859,Fulltime
1354208,Fulltime
1632180,Fulltime
1113603,Parttime
1355055,Fulltime
1180720,Parttime
1870583,Fulltime
1528851,Fulltime
1207041,Fulltime
1965996,Parttime
1176564,Parttime
1953960,Parttime
1249961,Fulltime
1330224,Fulltime
1873412,Parttime
1158751,Fulltime
1662048,Parttime
1477423,Fulltime
1519562,Fulltime
1785048,Fulltime
1018549,Parttime
1652160,Parttime
1750358,Parttime
1580173,Fulltime
1949211,Parttime
1126462,Fulltime
1696815,Fulltime
1384901,Fulltime
1619983,Fulltime
1849855,Fulltime
1062066,Fulltime
1094988,Fulltime
1861872,Fulltime
1378532,Parttime
1539887,Fulltime
1575914,Fulltime
1092051,Fulltime
1283591,Fulltime
1173092,Fulltime
1887895,Fulltime
1949889,Fulltime
1514579,Parttime
1503703,Fulltime
1598743,Fulltime
1706517,Parttime
1421421,Fulltime
1156514,Fulltime
1535422,Fulltime
1930110,Fulltime
1180317,Fulltime
1303386,Fulltime
1563416,Fulltime
1715307,Fulltime
1902519,Parttime
1295268,Fulltime
1744956,Parttime
1801258,Fulltime
1736647,Fulltime
1478961,Fulltime
1828271,Fulltime
1318421,Fulltime
1339871,Fulltime
1460673,Parttime
1999681,Fulltime
1538422,Fulltime
1699675,Fulltime
1727639,Fulltime
1548459,Fulltime
1190731,Fulltime
1360602,Fulltime
1490448,Fulltime
1585199,Fulltime
1011821,Fulltime
1904775,Fulltime
1557603,Parttime
1330323,Fulltime
1117235,Fulltime
1115258,Fulltime
1986122,Parttime
1753603,Parttime
1189305,Fulltime
1729662,Fulltime
1791166,Fulltime
1472170,Fulltime
1116612,Fulltime
1009010,Fulltime
1020954,Parttime
1907068,Fulltime
1404772,Fulltime
1453038,Fulltime
1531841,Fulltime
1363310,Fulltime
1156832,Fulltime
1405432,Fulltime
1148543,Fulltime
1960040,Fulltime
1710580,Fulltime
1951378,Fulltime
1667209,Fulltime
1466495,Fulltime
1577840,Fulltime
1002244,Parttime
1718302,Parttime
1063103,Fulltime
1560437,Fulltime
1310375,Fulltime
1259543,Parttime
1823749,Parttime
1656072,Parttime
1315831,Fulltime
1948497,Fulltime
1162745,Fulltime
1769743,Fulltime
1585853,Fulltime
1280875,Parttime
1167450,Parttime
